-- MySQL dump 10.13  Distrib 8.0.38, for Win64 (x86_64)
--
-- Host: localhost    Database: codeflow
-- ------------------------------------------------------
-- Server version	9.0.0

/*!40101 SET @OLD_CHARACTER_SET_CLIENT=@@CHARACTER_SET_CLIENT */;
/*!40101 SET @OLD_CHARACTER_SET_RESULTS=@@CHARACTER_SET_RESULTS */;
/*!40101 SET @OLD_COLLATION_CONNECTION=@@COLLATION_CONNECTION */;
/*!50503 SET NAMES utf8 */;
/*!40103 SET @OLD_TIME_ZONE=@@TIME_ZONE */;
/*!40103 SET TIME_ZONE='+00:00' */;
/*!40014 SET @OLD_UNIQUE_CHECKS=@@UNIQUE_CHECKS, UNIQUE_CHECKS=0 */;
/*!40014 SET @OLD_FOREIGN_KEY_CHECKS=@@FOREIGN_KEY_CHECKS, FOREIGN_KEY_CHECKS=0 */;
/*!40101 SET @OLD_SQL_MODE=@@SQL_MODE, SQL_MODE='NO_AUTO_VALUE_ON_ZERO' */;
/*!40111 SET @OLD_SQL_NOTES=@@SQL_NOTES, SQL_NOTES=0 */;

--
-- Dumping data for table `code_analysis`
--

LOCK TABLES `code_analysis` WRITE;
/*!40000 ALTER TABLE `code_analysis` DISABLE KEYS */;
INSERT INTO `code_analysis` VALUES ('2f1c24bf-d91e-41dc-acc4-c8bbc448141d','664af26f-effc-423a-b599-c597d890b3ac','master','cb01e0b480d72ed1c26fd6e09bb3dc707091f607','success','2025-08-27 04:46:39','17248748208','61c536d1-9b61-4291-a042-28b7aefe07cb','2025-08-27 04:46:39','2025-08-27 04:46:39'),('30b48175-ce86-41b2-a93d-461f90b86aeb','0139df9b-e6d0-4de7-8d2c-36e21823bf38','master','ca101cdf3a33559edd742b2acab9e6d1d8d06020','success','2025-08-27 04:59:00','17249006088','61c536d1-9b61-4291-a042-28b7aefe07cb','2025-08-27 04:59:00','2025-08-27 04:59:00'),('3995b67b-f498-4daa-8216-ef065269529c','3665e7b9-4b92-43f0-b1c7-adf92b5164eb','master','ee9e5ed1f2418576955086a928f4a18ceb8ada2f','success','2025-08-28 22:46:52','17297796125','9f13e977-a9f6-4b43-aa2b-1676ad6ab047','2025-08-28 22:46:52','2025-08-28 22:46:52'),('44999c3d-429e-4f60-a93b-658f558846f9','ec32179c-b54e-4d45-ac56-54c63038f258','dtanmai-patch-2','820f05ddae1792113183252b33174c4238190de2','success','2025-08-27 01:42:10','17244635383','ff25f381-32db-431b-bfa9-c3b8e242003d','2025-08-27 01:42:10','2025-08-27 01:42:10'),('76b2dd30-1d12-4020-819a-3b190da36e1d','6f07b56a-9253-4505-a83f-91d7d070344c','master','1238f0e26abadf8b3d235132d99ebb7cd3368ff0','success','2025-08-27 04:15:34','17248092394','61c536d1-9b61-4291-a042-28b7aefe07cb','2025-08-27 04:15:34','2025-08-27 04:15:34'),('7c057444-7422-4174-bdaf-d544c3a365d8','664af26f-effc-423a-b599-c597d890b3ac','master','05c17d1e45a02a6741b1c3164495f216d04b799d','success','2025-08-27 04:46:04','17248739297','61c536d1-9b61-4291-a042-28b7aefe07cb','2025-08-27 04:46:04','2025-08-27 04:46:04'),('7dae6448-fa4a-4d5b-a9f7-c23082a570b8','c5f13111-e689-4afa-bb41-7033e158ed67','master','4b43fb4f9a40a1aaa95f6ca8d08b58d150b8d391','success','2025-08-27 03:44:15','17247403421','ff25f381-32db-431b-bfa9-c3b8e242003d','2025-08-27 03:44:15','2025-08-27 03:44:15'),('7e77e5e5-a4a2-4a2f-b455-9fdbd26e56c3','42c93e13-a2b9-4270-801d-d254e88ff029','master','0cc51730df613ce36b6665ef9780cb613e5be1e3','success','2025-08-29 04:11:32','17305532902','9f13e977-a9f6-4b43-aa2b-1676ad6ab047','2025-08-29 04:11:32','2025-08-29 04:11:32'),('8392006b-a8fd-4c9c-9ba9-a25492abb420','3665e7b9-4b92-43f0-b1c7-adf92b5164eb','master','2346238f4b510afd3dc685d388821db92e222683','success','2025-08-28 05:36:42','17278125120','9f13e977-a9f6-4b43-aa2b-1676ad6ab047','2025-08-28 05:36:42','2025-08-28 05:36:42'),('887d4c23-17bd-498a-b352-21332d5f60dd','0139df9b-e6d0-4de7-8d2c-36e21823bf38','master','3d450a6328e89a90246b2348e6f74ad532b52397','success','2025-08-27 04:58:48','17249002872','61c536d1-9b61-4291-a042-28b7aefe07cb','2025-08-27 04:58:48','2025-08-27 04:58:48'),('8cb13c13-1a30-4563-a20e-244250783ed8','42c93e13-a2b9-4270-801d-d254e88ff029','master','36271e5807e60d7ac19c93fd5b783968ee4ee92d','success','2025-08-29 04:17:23','17305665695','9f13e977-a9f6-4b43-aa2b-1676ad6ab047','2025-08-29 04:17:23','2025-08-29 04:17:23'),('a8aec56c-a89d-4830-81bc-f562158b030e','1839cdb4-678a-4a26-a37c-63a8f405c3ee','master','24a3f89d97dd186ee5af957345847baaabf23729','success','2025-08-28 23:24:08','17298799116','9f13e977-a9f6-4b43-aa2b-1676ad6ab047','2025-08-28 23:24:08','2025-08-28 23:24:08'),('ae8e5e2b-0c8e-4b4d-a71a-fa650096198a','ec32179c-b54e-4d45-ac56-54c63038f258','dtanmai-patch-1','e5ff0a57c11f0c44ed7bd91de0488b48a21239c5','success','2025-08-27 01:38:05','17244546326','ff25f381-32db-431b-bfa9-c3b8e242003d','2025-08-27 01:38:05','2025-08-27 01:38:05'),('aeab548e-31bf-406f-98f4-53643889a0a7','ec32179c-b54e-4d45-ac56-54c63038f258','master','ee4a9b5bb5911105e105c3ced005d1bd7b98115a','success','2025-08-27 01:43:46','17244671990','ff25f381-32db-431b-bfa9-c3b8e242003d','2025-08-27 01:43:46','2025-08-27 01:43:46'),('b32bca46-1835-4e46-873e-00be349bdfb2','ec32179c-b54e-4d45-ac56-54c63038f258','dtanmai-patch-3','a10386e06710cff7dc13ccefd6dfa7a159d23cf9','success','2025-08-27 01:46:28','17244733758','ff25f381-32db-431b-bfa9-c3b8e242003d','2025-08-27 01:46:28','2025-08-27 01:46:28'),('b7d1c03b-1250-4990-91db-ae4956087d58','ec32179c-b54e-4d45-ac56-54c63038f258','master','7d56737c97945df8d143e0e3011aeb7a222af500','success','2025-08-27 01:33:05','17244435150','ff25f381-32db-431b-bfa9-c3b8e242003d','2025-08-27 01:33:05','2025-08-27 01:33:05'),('b8063a45-cd37-4a98-95a3-833a78b6f0c6','e77fc472-89d2-4fe5-be61-c67056d44a93','master','e58d3d5978d537c11e662a91a6563654fa9abdf5','success','2025-08-29 01:16:38','17301678472','9f13e977-a9f6-4b43-aa2b-1676ad6ab047','2025-08-29 01:16:38','2025-08-29 01:16:38'),('d93f32d2-c55e-4365-8fe6-b6a890422112','60b6c940-a0d1-4521-82ef-7ad0ca6ff91b','master','13536db543f1fe51ee9c93c66f649a401468b906','success','2025-08-27 03:28:57','17247055865','ff25f381-32db-431b-bfa9-c3b8e242003d','2025-08-27 03:28:57','2025-08-27 03:28:57'),('e3c7a407-540d-4cc9-b3c4-983f00174d23','d0cbf74c-fcac-4725-8456-b680c2f6be42','master','0a94b1f05442d34839e918d2c4f28d3f779096e9','success','2025-08-29 03:43:23','17304940810','9f13e977-a9f6-4b43-aa2b-1676ad6ab047','2025-08-29 03:43:23','2025-08-29 03:43:23'),('e4d5284d-066b-480d-9709-25b7ebb48c07','ec32179c-b54e-4d45-ac56-54c63038f258','master','5d8058dc7390c1c34dc944843de480737a85a515','success','2025-08-27 01:20:47','17244146352','ff25f381-32db-431b-bfa9-c3b8e242003d','2025-08-27 01:20:47','2025-08-27 01:20:47'),('f9d28d31-8c1f-4866-ac27-816db2e9c0f3','ec32179c-b54e-4d45-ac56-54c63038f258','update-dark-mode','675f560e2160441e2b9f021da651448086427c5f','success','2025-08-27 01:30:01','17244356692','ff25f381-32db-431b-bfa9-c3b8e242003d','2025-08-27 01:30:01','2025-08-27 01:30:01'),('fe999a05-15a3-41bb-9364-b0c7fc2e2c03','664af26f-effc-423a-b599-c597d890b3ac','master','20886de367f5396631c43d693c41f05dc9d6cf9b','success','2025-08-27 04:46:16','17248742962','61c536d1-9b61-4291-a042-28b7aefe07cb','2025-08-27 04:46:16','2025-08-27 04:46:16');
/*!40000 ALTER TABLE `code_analysis` ENABLE KEYS */;
UNLOCK TABLES;

--
-- Dumping data for table `code_analysis_metrics`
--

LOCK TABLES `code_analysis_metrics` WRITE;
/*!40000 ALTER TABLE `code_analysis_metrics` DISABLE KEYS */;
INSERT INTO `code_analysis_metrics` VALUES (1,'e4d5284d-066b-480d-9709-25b7ebb48c07','coverage','0.0',0),(2,'e4d5284d-066b-480d-9709-25b7ebb48c07','complexity','32',NULL),(3,'e4d5284d-066b-480d-9709-25b7ebb48c07','reliability_rating','1.0',1),(4,'e4d5284d-066b-480d-9709-25b7ebb48c07','duplicated_lines_density','0.0',1),(5,'e4d5284d-066b-480d-9709-25b7ebb48c07','code_smells','3',0),(6,'e4d5284d-066b-480d-9709-25b7ebb48c07','duplicated_lines','0',1),(7,'e4d5284d-066b-480d-9709-25b7ebb48c07','functions','20',NULL),(8,'e4d5284d-066b-480d-9709-25b7ebb48c07','security_rating','1.0',1),(9,'e4d5284d-066b-480d-9709-25b7ebb48c07','classes','0',NULL),(10,'e4d5284d-066b-480d-9709-25b7ebb48c07','security_hotspots_reviewed','100.0',1),(11,'e4d5284d-066b-480d-9709-25b7ebb48c07','security_hotspots','0',1),(12,'e4d5284d-066b-480d-9709-25b7ebb48c07','security_review_rating','1.0',1),(13,'e4d5284d-066b-480d-9709-25b7ebb48c07','sqale_index','15',0),(14,'e4d5284d-066b-480d-9709-25b7ebb48c07','sqale_rating','1.0',1),(15,'e4d5284d-066b-480d-9709-25b7ebb48c07','bugs','0',1),(16,'e4d5284d-066b-480d-9709-25b7ebb48c07','lines_to_cover','83',NULL),(17,'e4d5284d-066b-480d-9709-25b7ebb48c07','uncovered_lines','83',0),(18,'e4d5284d-066b-480d-9709-25b7ebb48c07','cognitive_complexity','15',0),(19,'e4d5284d-066b-480d-9709-25b7ebb48c07','duplicated_blocks','0',1),(20,'e4d5284d-066b-480d-9709-25b7ebb48c07','ncloc','627',NULL),(21,'e4d5284d-066b-480d-9709-25b7ebb48c07','vulnerabilities','0',1),(22,'e4d5284d-066b-480d-9709-25b7ebb48c07','files','3',NULL),(23,'e4d5284d-066b-480d-9709-25b7ebb48c07','line_coverage','0.0',0),(24,'f9d28d31-8c1f-4866-ac27-816db2e9c0f3','coverage','0.0',0),(25,'f9d28d31-8c1f-4866-ac27-816db2e9c0f3','complexity','32',NULL),(26,'f9d28d31-8c1f-4866-ac27-816db2e9c0f3','reliability_rating','1.0',1),(27,'f9d28d31-8c1f-4866-ac27-816db2e9c0f3','duplicated_lines_density','0.0',1),(28,'f9d28d31-8c1f-4866-ac27-816db2e9c0f3','code_smells','3',0),(29,'f9d28d31-8c1f-4866-ac27-816db2e9c0f3','duplicated_lines','0',1),(30,'f9d28d31-8c1f-4866-ac27-816db2e9c0f3','functions','20',NULL),(31,'f9d28d31-8c1f-4866-ac27-816db2e9c0f3','security_rating','1.0',1),(32,'f9d28d31-8c1f-4866-ac27-816db2e9c0f3','classes','0',NULL),(33,'f9d28d31-8c1f-4866-ac27-816db2e9c0f3','security_hotspots_reviewed','100.0',1),(34,'f9d28d31-8c1f-4866-ac27-816db2e9c0f3','security_hotspots','0',1),(35,'f9d28d31-8c1f-4866-ac27-816db2e9c0f3','security_review_rating','1.0',1),(36,'f9d28d31-8c1f-4866-ac27-816db2e9c0f3','sqale_index','15',0),(37,'f9d28d31-8c1f-4866-ac27-816db2e9c0f3','sqale_rating','1.0',1),(38,'f9d28d31-8c1f-4866-ac27-816db2e9c0f3','bugs','0',1),(39,'f9d28d31-8c1f-4866-ac27-816db2e9c0f3','lines_to_cover','83',NULL),(40,'f9d28d31-8c1f-4866-ac27-816db2e9c0f3','uncovered_lines','83',0),(41,'f9d28d31-8c1f-4866-ac27-816db2e9c0f3','cognitive_complexity','15',0),(42,'f9d28d31-8c1f-4866-ac27-816db2e9c0f3','duplicated_blocks','0',1),(43,'f9d28d31-8c1f-4866-ac27-816db2e9c0f3','ncloc','627',NULL),(44,'f9d28d31-8c1f-4866-ac27-816db2e9c0f3','vulnerabilities','0',1),(45,'f9d28d31-8c1f-4866-ac27-816db2e9c0f3','files','3',NULL),(46,'f9d28d31-8c1f-4866-ac27-816db2e9c0f3','line_coverage','0.0',0),(47,'b7d1c03b-1250-4990-91db-ae4956087d58','coverage','0.0',0),(48,'b7d1c03b-1250-4990-91db-ae4956087d58','complexity','32',NULL),(49,'b7d1c03b-1250-4990-91db-ae4956087d58','reliability_rating','1.0',1),(50,'b7d1c03b-1250-4990-91db-ae4956087d58','duplicated_lines_density','0.0',1),(51,'b7d1c03b-1250-4990-91db-ae4956087d58','code_smells','3',0),(52,'b7d1c03b-1250-4990-91db-ae4956087d58','duplicated_lines','0',1),(53,'b7d1c03b-1250-4990-91db-ae4956087d58','functions','20',NULL),(54,'b7d1c03b-1250-4990-91db-ae4956087d58','security_rating','1.0',1),(55,'b7d1c03b-1250-4990-91db-ae4956087d58','classes','0',NULL),(56,'b7d1c03b-1250-4990-91db-ae4956087d58','security_hotspots_reviewed','100.0',1),(57,'b7d1c03b-1250-4990-91db-ae4956087d58','security_hotspots','0',1),(58,'b7d1c03b-1250-4990-91db-ae4956087d58','security_review_rating','1.0',1),(59,'b7d1c03b-1250-4990-91db-ae4956087d58','sqale_index','15',0),(60,'b7d1c03b-1250-4990-91db-ae4956087d58','sqale_rating','1.0',1),(61,'b7d1c03b-1250-4990-91db-ae4956087d58','bugs','0',1),(62,'b7d1c03b-1250-4990-91db-ae4956087d58','lines_to_cover','83',NULL),(63,'b7d1c03b-1250-4990-91db-ae4956087d58','uncovered_lines','83',0),(64,'b7d1c03b-1250-4990-91db-ae4956087d58','cognitive_complexity','15',0),(65,'b7d1c03b-1250-4990-91db-ae4956087d58','duplicated_blocks','0',1),(66,'b7d1c03b-1250-4990-91db-ae4956087d58','ncloc','627',NULL),(67,'b7d1c03b-1250-4990-91db-ae4956087d58','vulnerabilities','0',1),(68,'b7d1c03b-1250-4990-91db-ae4956087d58','files','3',NULL),(69,'b7d1c03b-1250-4990-91db-ae4956087d58','line_coverage','0.0',0),(70,'ae8e5e2b-0c8e-4b4d-a71a-fa650096198a','coverage','0.0',0),(71,'ae8e5e2b-0c8e-4b4d-a71a-fa650096198a','complexity','32',NULL),(72,'ae8e5e2b-0c8e-4b4d-a71a-fa650096198a','reliability_rating','1.0',1),(73,'ae8e5e2b-0c8e-4b4d-a71a-fa650096198a','duplicated_lines_density','0.0',1),(74,'ae8e5e2b-0c8e-4b4d-a71a-fa650096198a','code_smells','3',0),(75,'ae8e5e2b-0c8e-4b4d-a71a-fa650096198a','duplicated_lines','0',1),(76,'ae8e5e2b-0c8e-4b4d-a71a-fa650096198a','functions','20',NULL),(77,'ae8e5e2b-0c8e-4b4d-a71a-fa650096198a','security_rating','1.0',1),(78,'ae8e5e2b-0c8e-4b4d-a71a-fa650096198a','classes','0',NULL),(79,'ae8e5e2b-0c8e-4b4d-a71a-fa650096198a','security_hotspots_reviewed','100.0',1),(80,'ae8e5e2b-0c8e-4b4d-a71a-fa650096198a','security_hotspots','0',1),(81,'ae8e5e2b-0c8e-4b4d-a71a-fa650096198a','security_review_rating','1.0',1),(82,'ae8e5e2b-0c8e-4b4d-a71a-fa650096198a','sqale_index','15',0),(83,'ae8e5e2b-0c8e-4b4d-a71a-fa650096198a','sqale_rating','1.0',1),(84,'ae8e5e2b-0c8e-4b4d-a71a-fa650096198a','bugs','0',1),(85,'ae8e5e2b-0c8e-4b4d-a71a-fa650096198a','lines_to_cover','83',NULL),(86,'ae8e5e2b-0c8e-4b4d-a71a-fa650096198a','uncovered_lines','83',0),(87,'ae8e5e2b-0c8e-4b4d-a71a-fa650096198a','cognitive_complexity','15',0),(88,'ae8e5e2b-0c8e-4b4d-a71a-fa650096198a','duplicated_blocks','0',1),(89,'ae8e5e2b-0c8e-4b4d-a71a-fa650096198a','ncloc','627',NULL),(90,'ae8e5e2b-0c8e-4b4d-a71a-fa650096198a','vulnerabilities','0',1),(91,'ae8e5e2b-0c8e-4b4d-a71a-fa650096198a','files','3',NULL),(92,'ae8e5e2b-0c8e-4b4d-a71a-fa650096198a','line_coverage','0.0',0),(93,'44999c3d-429e-4f60-a93b-658f558846f9','coverage','0.0',0),(94,'44999c3d-429e-4f60-a93b-658f558846f9','complexity','32',NULL),(95,'44999c3d-429e-4f60-a93b-658f558846f9','reliability_rating','1.0',1),(96,'44999c3d-429e-4f60-a93b-658f558846f9','duplicated_lines_density','0.0',1),(97,'44999c3d-429e-4f60-a93b-658f558846f9','code_smells','3',0),(98,'44999c3d-429e-4f60-a93b-658f558846f9','duplicated_lines','0',1),(99,'44999c3d-429e-4f60-a93b-658f558846f9','functions','20',NULL),(100,'44999c3d-429e-4f60-a93b-658f558846f9','security_rating','1.0',1),(101,'44999c3d-429e-4f60-a93b-658f558846f9','classes','0',NULL),(102,'44999c3d-429e-4f60-a93b-658f558846f9','security_hotspots_reviewed','100.0',1),(103,'44999c3d-429e-4f60-a93b-658f558846f9','security_hotspots','0',1),(104,'44999c3d-429e-4f60-a93b-658f558846f9','security_review_rating','1.0',1),(105,'44999c3d-429e-4f60-a93b-658f558846f9','sqale_index','15',0),(106,'44999c3d-429e-4f60-a93b-658f558846f9','sqale_rating','1.0',1),(107,'44999c3d-429e-4f60-a93b-658f558846f9','bugs','0',1),(108,'44999c3d-429e-4f60-a93b-658f558846f9','lines_to_cover','83',NULL),(109,'44999c3d-429e-4f60-a93b-658f558846f9','uncovered_lines','83',0),(110,'44999c3d-429e-4f60-a93b-658f558846f9','cognitive_complexity','15',0),(111,'44999c3d-429e-4f60-a93b-658f558846f9','duplicated_blocks','0',1),(112,'44999c3d-429e-4f60-a93b-658f558846f9','ncloc','627',NULL),(113,'44999c3d-429e-4f60-a93b-658f558846f9','vulnerabilities','0',1),(114,'44999c3d-429e-4f60-a93b-658f558846f9','files','3',NULL),(115,'44999c3d-429e-4f60-a93b-658f558846f9','line_coverage','0.0',0),(116,'aeab548e-31bf-406f-98f4-53643889a0a7','coverage','0.0',0),(117,'aeab548e-31bf-406f-98f4-53643889a0a7','complexity','32',NULL),(118,'aeab548e-31bf-406f-98f4-53643889a0a7','reliability_rating','1.0',1),(119,'aeab548e-31bf-406f-98f4-53643889a0a7','duplicated_lines_density','0.0',1),(120,'aeab548e-31bf-406f-98f4-53643889a0a7','code_smells','3',0),(121,'aeab548e-31bf-406f-98f4-53643889a0a7','duplicated_lines','0',1),(122,'aeab548e-31bf-406f-98f4-53643889a0a7','functions','20',NULL),(123,'aeab548e-31bf-406f-98f4-53643889a0a7','security_rating','1.0',1),(124,'aeab548e-31bf-406f-98f4-53643889a0a7','classes','0',NULL),(125,'aeab548e-31bf-406f-98f4-53643889a0a7','security_hotspots_reviewed','100.0',1),(126,'aeab548e-31bf-406f-98f4-53643889a0a7','security_hotspots','0',1),(127,'aeab548e-31bf-406f-98f4-53643889a0a7','security_review_rating','1.0',1),(128,'aeab548e-31bf-406f-98f4-53643889a0a7','sqale_index','15',0),(129,'aeab548e-31bf-406f-98f4-53643889a0a7','sqale_rating','1.0',1),(130,'aeab548e-31bf-406f-98f4-53643889a0a7','bugs','0',1),(131,'aeab548e-31bf-406f-98f4-53643889a0a7','lines_to_cover','83',NULL),(132,'aeab548e-31bf-406f-98f4-53643889a0a7','uncovered_lines','83',0),(133,'aeab548e-31bf-406f-98f4-53643889a0a7','cognitive_complexity','15',0),(134,'aeab548e-31bf-406f-98f4-53643889a0a7','duplicated_blocks','0',1),(135,'aeab548e-31bf-406f-98f4-53643889a0a7','ncloc','627',NULL),(136,'aeab548e-31bf-406f-98f4-53643889a0a7','vulnerabilities','0',1),(137,'aeab548e-31bf-406f-98f4-53643889a0a7','files','3',NULL),(138,'aeab548e-31bf-406f-98f4-53643889a0a7','line_coverage','0.0',0),(139,'b32bca46-1835-4e46-873e-00be349bdfb2','coverage','0.0',0),(140,'b32bca46-1835-4e46-873e-00be349bdfb2','complexity','32',NULL),(141,'b32bca46-1835-4e46-873e-00be349bdfb2','reliability_rating','1.0',1),(142,'b32bca46-1835-4e46-873e-00be349bdfb2','duplicated_lines_density','0.0',1),(143,'b32bca46-1835-4e46-873e-00be349bdfb2','code_smells','3',0),(144,'b32bca46-1835-4e46-873e-00be349bdfb2','duplicated_lines','0',1),(145,'b32bca46-1835-4e46-873e-00be349bdfb2','functions','20',NULL),(146,'b32bca46-1835-4e46-873e-00be349bdfb2','security_rating','1.0',1),(147,'b32bca46-1835-4e46-873e-00be349bdfb2','classes','0',NULL),(148,'b32bca46-1835-4e46-873e-00be349bdfb2','security_hotspots_reviewed','100.0',1),(149,'b32bca46-1835-4e46-873e-00be349bdfb2','security_hotspots','0',1),(150,'b32bca46-1835-4e46-873e-00be349bdfb2','security_review_rating','1.0',1),(151,'b32bca46-1835-4e46-873e-00be349bdfb2','sqale_index','15',0),(152,'b32bca46-1835-4e46-873e-00be349bdfb2','sqale_rating','1.0',1),(153,'b32bca46-1835-4e46-873e-00be349bdfb2','bugs','0',1),(154,'b32bca46-1835-4e46-873e-00be349bdfb2','lines_to_cover','83',NULL),(155,'b32bca46-1835-4e46-873e-00be349bdfb2','uncovered_lines','83',0),(156,'b32bca46-1835-4e46-873e-00be349bdfb2','cognitive_complexity','15',0),(157,'b32bca46-1835-4e46-873e-00be349bdfb2','duplicated_blocks','0',1),(158,'b32bca46-1835-4e46-873e-00be349bdfb2','ncloc','627',NULL),(159,'b32bca46-1835-4e46-873e-00be349bdfb2','vulnerabilities','0',1),(160,'b32bca46-1835-4e46-873e-00be349bdfb2','files','3',NULL),(161,'b32bca46-1835-4e46-873e-00be349bdfb2','line_coverage','0.0',0),(162,'d93f32d2-c55e-4365-8fe6-b6a890422112','coverage','0.0',0),(163,'d93f32d2-c55e-4365-8fe6-b6a890422112','complexity','5',NULL),(164,'d93f32d2-c55e-4365-8fe6-b6a890422112','reliability_rating','1.0',1),(165,'d93f32d2-c55e-4365-8fe6-b6a890422112','duplicated_lines_density','0.0',1),(166,'d93f32d2-c55e-4365-8fe6-b6a890422112','code_smells','0',1),(167,'d93f32d2-c55e-4365-8fe6-b6a890422112','duplicated_lines','0',1),(168,'d93f32d2-c55e-4365-8fe6-b6a890422112','functions','4',NULL),(169,'d93f32d2-c55e-4365-8fe6-b6a890422112','security_rating','1.0',1),(170,'d93f32d2-c55e-4365-8fe6-b6a890422112','classes','0',NULL),(171,'d93f32d2-c55e-4365-8fe6-b6a890422112','security_hotspots_reviewed','0.0',0),(172,'d93f32d2-c55e-4365-8fe6-b6a890422112','security_hotspots','1',0),(173,'d93f32d2-c55e-4365-8fe6-b6a890422112','security_review_rating','5.0',0),(174,'d93f32d2-c55e-4365-8fe6-b6a890422112','sqale_index','0',1),(175,'d93f32d2-c55e-4365-8fe6-b6a890422112','sqale_rating','1.0',1),(176,'d93f32d2-c55e-4365-8fe6-b6a890422112','bugs','0',1),(177,'d93f32d2-c55e-4365-8fe6-b6a890422112','lines_to_cover','14',NULL),(178,'d93f32d2-c55e-4365-8fe6-b6a890422112','uncovered_lines','14',0),(179,'d93f32d2-c55e-4365-8fe6-b6a890422112','cognitive_complexity','0',1),(180,'d93f32d2-c55e-4365-8fe6-b6a890422112','duplicated_blocks','0',1),(181,'d93f32d2-c55e-4365-8fe6-b6a890422112','ncloc','27',NULL),(182,'d93f32d2-c55e-4365-8fe6-b6a890422112','vulnerabilities','0',1),(183,'d93f32d2-c55e-4365-8fe6-b6a890422112','files','3',NULL),(184,'d93f32d2-c55e-4365-8fe6-b6a890422112','line_coverage','0.0',0),(185,'7dae6448-fa4a-4d5b-a9f7-c23082a570b8','coverage','0.0',0),(186,'7dae6448-fa4a-4d5b-a9f7-c23082a570b8','complexity','7',NULL),(187,'7dae6448-fa4a-4d5b-a9f7-c23082a570b8','reliability_rating','1.0',1),(188,'7dae6448-fa4a-4d5b-a9f7-c23082a570b8','duplicated_lines_density','0.0',1),(189,'7dae6448-fa4a-4d5b-a9f7-c23082a570b8','code_smells','0',1),(190,'7dae6448-fa4a-4d5b-a9f7-c23082a570b8','duplicated_lines','0',1),(191,'7dae6448-fa4a-4d5b-a9f7-c23082a570b8','functions','6',NULL),(192,'7dae6448-fa4a-4d5b-a9f7-c23082a570b8','security_rating','1.0',1),(193,'7dae6448-fa4a-4d5b-a9f7-c23082a570b8','classes','0',NULL),(194,'7dae6448-fa4a-4d5b-a9f7-c23082a570b8','security_hotspots_reviewed','0.0',0),(195,'7dae6448-fa4a-4d5b-a9f7-c23082a570b8','security_hotspots','1',0),(196,'7dae6448-fa4a-4d5b-a9f7-c23082a570b8','security_review_rating','5.0',0),(197,'7dae6448-fa4a-4d5b-a9f7-c23082a570b8','sqale_index','0',1),(198,'7dae6448-fa4a-4d5b-a9f7-c23082a570b8','sqale_rating','1.0',1),(199,'7dae6448-fa4a-4d5b-a9f7-c23082a570b8','bugs','0',1),(200,'7dae6448-fa4a-4d5b-a9f7-c23082a570b8','lines_to_cover','18',NULL),(201,'7dae6448-fa4a-4d5b-a9f7-c23082a570b8','uncovered_lines','18',0),(202,'7dae6448-fa4a-4d5b-a9f7-c23082a570b8','cognitive_complexity','0',1),(203,'7dae6448-fa4a-4d5b-a9f7-c23082a570b8','duplicated_blocks','0',1),(204,'7dae6448-fa4a-4d5b-a9f7-c23082a570b8','ncloc','63',NULL),(205,'7dae6448-fa4a-4d5b-a9f7-c23082a570b8','vulnerabilities','0',1),(206,'7dae6448-fa4a-4d5b-a9f7-c23082a570b8','files','4',NULL),(207,'7dae6448-fa4a-4d5b-a9f7-c23082a570b8','line_coverage','0.0',0),(208,'76b2dd30-1d12-4020-819a-3b190da36e1d','coverage','0.0',0),(209,'76b2dd30-1d12-4020-819a-3b190da36e1d','complexity','3',NULL),(210,'76b2dd30-1d12-4020-819a-3b190da36e1d','reliability_rating','1.0',1),(211,'76b2dd30-1d12-4020-819a-3b190da36e1d','duplicated_lines_density','0.0',1),(212,'76b2dd30-1d12-4020-819a-3b190da36e1d','code_smells','0',1),(213,'76b2dd30-1d12-4020-819a-3b190da36e1d','duplicated_lines','0',1),(214,'76b2dd30-1d12-4020-819a-3b190da36e1d','functions','2',NULL),(215,'76b2dd30-1d12-4020-819a-3b190da36e1d','security_rating','1.0',1),(216,'76b2dd30-1d12-4020-819a-3b190da36e1d','classes','0',NULL),(217,'76b2dd30-1d12-4020-819a-3b190da36e1d','security_hotspots_reviewed','100.0',1),(218,'76b2dd30-1d12-4020-819a-3b190da36e1d','security_hotspots','0',1),(219,'76b2dd30-1d12-4020-819a-3b190da36e1d','security_review_rating','1.0',1),(220,'76b2dd30-1d12-4020-819a-3b190da36e1d','sqale_index','0',1),(221,'76b2dd30-1d12-4020-819a-3b190da36e1d','sqale_rating','1.0',1),(222,'76b2dd30-1d12-4020-819a-3b190da36e1d','bugs','0',1),(223,'76b2dd30-1d12-4020-819a-3b190da36e1d','lines_to_cover','6',NULL),(224,'76b2dd30-1d12-4020-819a-3b190da36e1d','uncovered_lines','6',0),(225,'76b2dd30-1d12-4020-819a-3b190da36e1d','cognitive_complexity','0',1),(226,'76b2dd30-1d12-4020-819a-3b190da36e1d','duplicated_blocks','0',1),(227,'76b2dd30-1d12-4020-819a-3b190da36e1d','ncloc','113',NULL),(228,'76b2dd30-1d12-4020-819a-3b190da36e1d','vulnerabilities','0',1),(229,'76b2dd30-1d12-4020-819a-3b190da36e1d','files','7',NULL),(230,'76b2dd30-1d12-4020-819a-3b190da36e1d','line_coverage','0.0',0),(231,'7c057444-7422-4174-bdaf-d544c3a365d8','coverage','0.0',0),(232,'7c057444-7422-4174-bdaf-d544c3a365d8','complexity','0',NULL),(233,'7c057444-7422-4174-bdaf-d544c3a365d8','reliability_rating','1.0',1),(234,'7c057444-7422-4174-bdaf-d544c3a365d8','duplicated_lines_density','0.0',1),(235,'7c057444-7422-4174-bdaf-d544c3a365d8','code_smells','0',1),(236,'7c057444-7422-4174-bdaf-d544c3a365d8','duplicated_lines','0',1),(237,'7c057444-7422-4174-bdaf-d544c3a365d8','functions','0',NULL),(238,'7c057444-7422-4174-bdaf-d544c3a365d8','security_rating','1.0',1),(239,'7c057444-7422-4174-bdaf-d544c3a365d8','classes','0',NULL),(240,'7c057444-7422-4174-bdaf-d544c3a365d8','security_hotspots_reviewed','100.0',1),(241,'7c057444-7422-4174-bdaf-d544c3a365d8','security_hotspots','0',1),(242,'7c057444-7422-4174-bdaf-d544c3a365d8','security_review_rating','1.0',1),(243,'7c057444-7422-4174-bdaf-d544c3a365d8','sqale_index','0',1),(244,'7c057444-7422-4174-bdaf-d544c3a365d8','sqale_rating','1.0',1),(245,'7c057444-7422-4174-bdaf-d544c3a365d8','bugs','0',1),(246,'7c057444-7422-4174-bdaf-d544c3a365d8','lines_to_cover','2',NULL),(247,'7c057444-7422-4174-bdaf-d544c3a365d8','uncovered_lines','2',0),(248,'7c057444-7422-4174-bdaf-d544c3a365d8','cognitive_complexity','0',1),(249,'7c057444-7422-4174-bdaf-d544c3a365d8','duplicated_blocks','0',1),(250,'7c057444-7422-4174-bdaf-d544c3a365d8','ncloc','65',NULL),(251,'7c057444-7422-4174-bdaf-d544c3a365d8','vulnerabilities','0',1),(252,'7c057444-7422-4174-bdaf-d544c3a365d8','files','5',NULL),(253,'7c057444-7422-4174-bdaf-d544c3a365d8','line_coverage','0.0',0),(254,'fe999a05-15a3-41bb-9364-b0c7fc2e2c03','coverage','0.0',0),(255,'fe999a05-15a3-41bb-9364-b0c7fc2e2c03','complexity','1',NULL),(256,'fe999a05-15a3-41bb-9364-b0c7fc2e2c03','reliability_rating','1.0',1),(257,'fe999a05-15a3-41bb-9364-b0c7fc2e2c03','duplicated_lines_density','0.0',1),(258,'fe999a05-15a3-41bb-9364-b0c7fc2e2c03','code_smells','1',0),(259,'fe999a05-15a3-41bb-9364-b0c7fc2e2c03','duplicated_lines','0',1),(260,'fe999a05-15a3-41bb-9364-b0c7fc2e2c03','functions','1',NULL),(261,'fe999a05-15a3-41bb-9364-b0c7fc2e2c03','security_rating','1.0',1),(262,'fe999a05-15a3-41bb-9364-b0c7fc2e2c03','classes','0',NULL),(263,'fe999a05-15a3-41bb-9364-b0c7fc2e2c03','security_hotspots_reviewed','100.0',1),(264,'fe999a05-15a3-41bb-9364-b0c7fc2e2c03','security_hotspots','0',1),(265,'fe999a05-15a3-41bb-9364-b0c7fc2e2c03','security_review_rating','1.0',1),(266,'fe999a05-15a3-41bb-9364-b0c7fc2e2c03','sqale_index','5',0),(267,'fe999a05-15a3-41bb-9364-b0c7fc2e2c03','sqale_rating','1.0',1),(268,'fe999a05-15a3-41bb-9364-b0c7fc2e2c03','bugs','0',1),(269,'fe999a05-15a3-41bb-9364-b0c7fc2e2c03','lines_to_cover','4',NULL),(270,'fe999a05-15a3-41bb-9364-b0c7fc2e2c03','uncovered_lines','4',0),(271,'fe999a05-15a3-41bb-9364-b0c7fc2e2c03','cognitive_complexity','0',1),(272,'fe999a05-15a3-41bb-9364-b0c7fc2e2c03','duplicated_blocks','0',1),(273,'fe999a05-15a3-41bb-9364-b0c7fc2e2c03','ncloc','82',NULL),(274,'fe999a05-15a3-41bb-9364-b0c7fc2e2c03','vulnerabilities','0',1),(275,'fe999a05-15a3-41bb-9364-b0c7fc2e2c03','files','6',NULL),(276,'fe999a05-15a3-41bb-9364-b0c7fc2e2c03','line_coverage','0.0',0),(277,'2f1c24bf-d91e-41dc-acc4-c8bbc448141d','coverage','0.0',0),(278,'2f1c24bf-d91e-41dc-acc4-c8bbc448141d','complexity','2',NULL),(279,'2f1c24bf-d91e-41dc-acc4-c8bbc448141d','reliability_rating','1.0',1),(280,'2f1c24bf-d91e-41dc-acc4-c8bbc448141d','duplicated_lines_density','0.0',1),(281,'2f1c24bf-d91e-41dc-acc4-c8bbc448141d','code_smells','1',0),(282,'2f1c24bf-d91e-41dc-acc4-c8bbc448141d','duplicated_lines','0',1),(283,'2f1c24bf-d91e-41dc-acc4-c8bbc448141d','functions','2',NULL),(284,'2f1c24bf-d91e-41dc-acc4-c8bbc448141d','security_rating','1.0',1),(285,'2f1c24bf-d91e-41dc-acc4-c8bbc448141d','classes','0',NULL),(286,'2f1c24bf-d91e-41dc-acc4-c8bbc448141d','security_hotspots_reviewed','100.0',1),(287,'2f1c24bf-d91e-41dc-acc4-c8bbc448141d','security_hotspots','0',1),(288,'2f1c24bf-d91e-41dc-acc4-c8bbc448141d','security_review_rating','1.0',1),(289,'2f1c24bf-d91e-41dc-acc4-c8bbc448141d','sqale_index','5',0),(290,'2f1c24bf-d91e-41dc-acc4-c8bbc448141d','sqale_rating','1.0',1),(291,'2f1c24bf-d91e-41dc-acc4-c8bbc448141d','bugs','0',1),(292,'2f1c24bf-d91e-41dc-acc4-c8bbc448141d','lines_to_cover','5',NULL),(293,'2f1c24bf-d91e-41dc-acc4-c8bbc448141d','uncovered_lines','5',0),(294,'2f1c24bf-d91e-41dc-acc4-c8bbc448141d','cognitive_complexity','0',1),(295,'2f1c24bf-d91e-41dc-acc4-c8bbc448141d','duplicated_blocks','0',1),(296,'2f1c24bf-d91e-41dc-acc4-c8bbc448141d','ncloc','99',NULL),(297,'2f1c24bf-d91e-41dc-acc4-c8bbc448141d','vulnerabilities','0',1),(298,'2f1c24bf-d91e-41dc-acc4-c8bbc448141d','files','7',NULL),(299,'2f1c24bf-d91e-41dc-acc4-c8bbc448141d','line_coverage','0.0',0),(300,'887d4c23-17bd-498a-b352-21332d5f60dd','reliability_rating','1.0',1),(301,'887d4c23-17bd-498a-b352-21332d5f60dd','duplicated_lines_density','0.0',1),(302,'887d4c23-17bd-498a-b352-21332d5f60dd','code_smells','0',1),(303,'887d4c23-17bd-498a-b352-21332d5f60dd','duplicated_lines','0',1),(304,'887d4c23-17bd-498a-b352-21332d5f60dd','security_rating','1.0',1),(305,'887d4c23-17bd-498a-b352-21332d5f60dd','security_hotspots_reviewed','100.0',1),(306,'887d4c23-17bd-498a-b352-21332d5f60dd','security_hotspots','0',1),(307,'887d4c23-17bd-498a-b352-21332d5f60dd','security_review_rating','1.0',1),(308,'887d4c23-17bd-498a-b352-21332d5f60dd','sqale_index','0',1),(309,'887d4c23-17bd-498a-b352-21332d5f60dd','sqale_rating','1.0',1),(310,'887d4c23-17bd-498a-b352-21332d5f60dd','bugs','0',1),(311,'887d4c23-17bd-498a-b352-21332d5f60dd','duplicated_blocks','0',1),(312,'887d4c23-17bd-498a-b352-21332d5f60dd','vulnerabilities','0',1),(313,'887d4c23-17bd-498a-b352-21332d5f60dd','files','2',NULL),(314,'30b48175-ce86-41b2-a93d-461f90b86aeb','coverage','0.0',0),(315,'30b48175-ce86-41b2-a93d-461f90b86aeb','complexity','0',NULL),(316,'30b48175-ce86-41b2-a93d-461f90b86aeb','reliability_rating','1.0',1),(317,'30b48175-ce86-41b2-a93d-461f90b86aeb','duplicated_lines_density','0.0',1),(318,'30b48175-ce86-41b2-a93d-461f90b86aeb','code_smells','0',1),(319,'30b48175-ce86-41b2-a93d-461f90b86aeb','duplicated_lines','0',1),(320,'30b48175-ce86-41b2-a93d-461f90b86aeb','functions','0',NULL),(321,'30b48175-ce86-41b2-a93d-461f90b86aeb','security_rating','1.0',1),(322,'30b48175-ce86-41b2-a93d-461f90b86aeb','classes','0',NULL),(323,'30b48175-ce86-41b2-a93d-461f90b86aeb','security_hotspots_reviewed','100.0',1),(324,'30b48175-ce86-41b2-a93d-461f90b86aeb','security_hotspots','0',1),(325,'30b48175-ce86-41b2-a93d-461f90b86aeb','security_review_rating','1.0',1),(326,'30b48175-ce86-41b2-a93d-461f90b86aeb','sqale_index','0',1),(327,'30b48175-ce86-41b2-a93d-461f90b86aeb','sqale_rating','1.0',1),(328,'30b48175-ce86-41b2-a93d-461f90b86aeb','bugs','0',1),(329,'30b48175-ce86-41b2-a93d-461f90b86aeb','lines_to_cover','2',NULL),(330,'30b48175-ce86-41b2-a93d-461f90b86aeb','uncovered_lines','2',0),(331,'30b48175-ce86-41b2-a93d-461f90b86aeb','cognitive_complexity','0',1),(332,'30b48175-ce86-41b2-a93d-461f90b86aeb','duplicated_blocks','0',1),(333,'30b48175-ce86-41b2-a93d-461f90b86aeb','ncloc','2',NULL),(334,'30b48175-ce86-41b2-a93d-461f90b86aeb','vulnerabilities','0',1),(335,'30b48175-ce86-41b2-a93d-461f90b86aeb','files','3',NULL),(336,'30b48175-ce86-41b2-a93d-461f90b86aeb','line_coverage','0.0',0),(337,'8392006b-a8fd-4c9c-9ba9-a25492abb420','coverage','0.0',0),(338,'8392006b-a8fd-4c9c-9ba9-a25492abb420','complexity','6',NULL),(339,'8392006b-a8fd-4c9c-9ba9-a25492abb420','reliability_rating','1.0',1),(340,'8392006b-a8fd-4c9c-9ba9-a25492abb420','duplicated_lines_density','0.0',1),(341,'8392006b-a8fd-4c9c-9ba9-a25492abb420','code_smells','1',0),(342,'8392006b-a8fd-4c9c-9ba9-a25492abb420','duplicated_lines','0',1),(343,'8392006b-a8fd-4c9c-9ba9-a25492abb420','functions','3',NULL),(344,'8392006b-a8fd-4c9c-9ba9-a25492abb420','security_rating','5.0',0),(345,'8392006b-a8fd-4c9c-9ba9-a25492abb420','classes','1',NULL),(346,'8392006b-a8fd-4c9c-9ba9-a25492abb420','security_hotspots_reviewed','0.0',0),(347,'8392006b-a8fd-4c9c-9ba9-a25492abb420','security_hotspots','3',0),(348,'8392006b-a8fd-4c9c-9ba9-a25492abb420','security_review_rating','5.0',0),(349,'8392006b-a8fd-4c9c-9ba9-a25492abb420','sqale_index','5',0),(350,'8392006b-a8fd-4c9c-9ba9-a25492abb420','sqale_rating','1.0',1),(351,'8392006b-a8fd-4c9c-9ba9-a25492abb420','bugs','0',1),(352,'8392006b-a8fd-4c9c-9ba9-a25492abb420','lines_to_cover','53',NULL),(353,'8392006b-a8fd-4c9c-9ba9-a25492abb420','uncovered_lines','53',0),(354,'8392006b-a8fd-4c9c-9ba9-a25492abb420','cognitive_complexity','2',0),(355,'8392006b-a8fd-4c9c-9ba9-a25492abb420','duplicated_blocks','0',1),(356,'8392006b-a8fd-4c9c-9ba9-a25492abb420','ncloc','186',NULL),(357,'8392006b-a8fd-4c9c-9ba9-a25492abb420','vulnerabilities','1',0),(358,'8392006b-a8fd-4c9c-9ba9-a25492abb420','files','12',NULL),(359,'8392006b-a8fd-4c9c-9ba9-a25492abb420','line_coverage','0.0',0),(360,'3995b67b-f498-4daa-8216-ef065269529c','coverage','0.0',0),(361,'3995b67b-f498-4daa-8216-ef065269529c','complexity','6',NULL),(362,'3995b67b-f498-4daa-8216-ef065269529c','reliability_rating','1.0',1),(363,'3995b67b-f498-4daa-8216-ef065269529c','duplicated_lines_density','0.0',1),(364,'3995b67b-f498-4daa-8216-ef065269529c','code_smells','1',0),(365,'3995b67b-f498-4daa-8216-ef065269529c','duplicated_lines','0',1),(366,'3995b67b-f498-4daa-8216-ef065269529c','functions','3',NULL),(367,'3995b67b-f498-4daa-8216-ef065269529c','security_rating','5.0',0),(368,'3995b67b-f498-4daa-8216-ef065269529c','classes','1',NULL),(369,'3995b67b-f498-4daa-8216-ef065269529c','security_hotspots_reviewed','0.0',0),(370,'3995b67b-f498-4daa-8216-ef065269529c','security_hotspots','3',0),(371,'3995b67b-f498-4daa-8216-ef065269529c','security_review_rating','5.0',0),(372,'3995b67b-f498-4daa-8216-ef065269529c','sqale_index','5',0),(373,'3995b67b-f498-4daa-8216-ef065269529c','sqale_rating','1.0',1),(374,'3995b67b-f498-4daa-8216-ef065269529c','bugs','0',1),(375,'3995b67b-f498-4daa-8216-ef065269529c','lines_to_cover','53',NULL),(376,'3995b67b-f498-4daa-8216-ef065269529c','uncovered_lines','53',0),(377,'3995b67b-f498-4daa-8216-ef065269529c','cognitive_complexity','2',0),(378,'3995b67b-f498-4daa-8216-ef065269529c','duplicated_blocks','0',1),(379,'3995b67b-f498-4daa-8216-ef065269529c','ncloc','186',NULL),(380,'3995b67b-f498-4daa-8216-ef065269529c','vulnerabilities','1',0),(381,'3995b67b-f498-4daa-8216-ef065269529c','files','12',NULL),(382,'3995b67b-f498-4daa-8216-ef065269529c','line_coverage','0.0',0),(383,'a8aec56c-a89d-4830-81bc-f562158b030e','coverage','0.0',0),(384,'a8aec56c-a89d-4830-81bc-f562158b030e','complexity','5',NULL),(385,'a8aec56c-a89d-4830-81bc-f562158b030e','reliability_rating','1.0',1),(386,'a8aec56c-a89d-4830-81bc-f562158b030e','duplicated_lines_density','0.0',1),(387,'a8aec56c-a89d-4830-81bc-f562158b030e','code_smells','0',1),(388,'a8aec56c-a89d-4830-81bc-f562158b030e','duplicated_lines','0',1),(389,'a8aec56c-a89d-4830-81bc-f562158b030e','functions','3',NULL),(390,'a8aec56c-a89d-4830-81bc-f562158b030e','security_rating','5.0',0),(391,'a8aec56c-a89d-4830-81bc-f562158b030e','classes','0',NULL),(392,'a8aec56c-a89d-4830-81bc-f562158b030e','security_hotspots_reviewed','0.0',0),(393,'a8aec56c-a89d-4830-81bc-f562158b030e','security_hotspots','3',0),(394,'a8aec56c-a89d-4830-81bc-f562158b030e','security_review_rating','5.0',0),(395,'a8aec56c-a89d-4830-81bc-f562158b030e','sqale_index','0',1),(396,'a8aec56c-a89d-4830-81bc-f562158b030e','sqale_rating','1.0',1),(397,'a8aec56c-a89d-4830-81bc-f562158b030e','bugs','0',1),(398,'a8aec56c-a89d-4830-81bc-f562158b030e','lines_to_cover','11',NULL),(399,'a8aec56c-a89d-4830-81bc-f562158b030e','uncovered_lines','11',0),(400,'a8aec56c-a89d-4830-81bc-f562158b030e','cognitive_complexity','1',0),(401,'a8aec56c-a89d-4830-81bc-f562158b030e','duplicated_blocks','0',1),(402,'a8aec56c-a89d-4830-81bc-f562158b030e','ncloc','93',NULL),(403,'a8aec56c-a89d-4830-81bc-f562158b030e','vulnerabilities','1',0),(404,'a8aec56c-a89d-4830-81bc-f562158b030e','files','2',NULL),(405,'a8aec56c-a89d-4830-81bc-f562158b030e','line_coverage','0.0',0),(464,'b8063a45-cd37-4a98-95a3-833a78b6f0c6','coverage','0.0',0),(465,'b8063a45-cd37-4a98-95a3-833a78b6f0c6','complexity','4',NULL),(466,'b8063a45-cd37-4a98-95a3-833a78b6f0c6','reliability_rating','1.0',1),(467,'b8063a45-cd37-4a98-95a3-833a78b6f0c6','duplicated_lines_density','0.0',1),(468,'b8063a45-cd37-4a98-95a3-833a78b6f0c6','code_smells','0',1),(469,'b8063a45-cd37-4a98-95a3-833a78b6f0c6','duplicated_lines','0',1),(470,'b8063a45-cd37-4a98-95a3-833a78b6f0c6','functions','4',NULL),(471,'b8063a45-cd37-4a98-95a3-833a78b6f0c6','security_rating','5.0',0),(472,'b8063a45-cd37-4a98-95a3-833a78b6f0c6','classes','2',NULL),(473,'b8063a45-cd37-4a98-95a3-833a78b6f0c6','security_hotspots_reviewed','100.0',1),(474,'b8063a45-cd37-4a98-95a3-833a78b6f0c6','security_hotspots','0',1),(475,'b8063a45-cd37-4a98-95a3-833a78b6f0c6','security_review_rating','1.0',1),(476,'b8063a45-cd37-4a98-95a3-833a78b6f0c6','sqale_index','0',1),(477,'b8063a45-cd37-4a98-95a3-833a78b6f0c6','sqale_rating','1.0',1),(478,'b8063a45-cd37-4a98-95a3-833a78b6f0c6','bugs','0',1),(479,'b8063a45-cd37-4a98-95a3-833a78b6f0c6','lines_to_cover','5',NULL),(480,'b8063a45-cd37-4a98-95a3-833a78b6f0c6','uncovered_lines','5',0),(481,'b8063a45-cd37-4a98-95a3-833a78b6f0c6','cognitive_complexity','0',1),(482,'b8063a45-cd37-4a98-95a3-833a78b6f0c6','duplicated_blocks','0',1),(483,'b8063a45-cd37-4a98-95a3-833a78b6f0c6','ncloc','81',NULL),(484,'b8063a45-cd37-4a98-95a3-833a78b6f0c6','vulnerabilities','1',0),(485,'b8063a45-cd37-4a98-95a3-833a78b6f0c6','files','3',NULL),(486,'b8063a45-cd37-4a98-95a3-833a78b6f0c6','line_coverage','0.0',0),(538,'e3c7a407-540d-4cc9-b3c4-983f00174d23','coverage','50.0',0),(539,'e3c7a407-540d-4cc9-b3c4-983f00174d23','complexity','6',NULL),(540,'e3c7a407-540d-4cc9-b3c4-983f00174d23','reliability_rating','1.0',1),(541,'e3c7a407-540d-4cc9-b3c4-983f00174d23','duplicated_lines_density','0.0',1),(542,'e3c7a407-540d-4cc9-b3c4-983f00174d23','code_smells','1',0),(543,'e3c7a407-540d-4cc9-b3c4-983f00174d23','duplicated_lines','0',1),(544,'e3c7a407-540d-4cc9-b3c4-983f00174d23','functions','6',NULL),(545,'e3c7a407-540d-4cc9-b3c4-983f00174d23','security_rating','1.0',1),(546,'e3c7a407-540d-4cc9-b3c4-983f00174d23','classes','1',NULL),(547,'e3c7a407-540d-4cc9-b3c4-983f00174d23','security_hotspots_reviewed','100.0',1),(548,'e3c7a407-540d-4cc9-b3c4-983f00174d23','security_hotspots','0',1),(549,'e3c7a407-540d-4cc9-b3c4-983f00174d23','security_review_rating','1.0',1),(550,'e3c7a407-540d-4cc9-b3c4-983f00174d23','sqale_index','1',0),(551,'e3c7a407-540d-4cc9-b3c4-983f00174d23','sqale_rating','1.0',1),(552,'e3c7a407-540d-4cc9-b3c4-983f00174d23','bugs','0',1),(553,'e3c7a407-540d-4cc9-b3c4-983f00174d23','lines_to_cover','12',NULL),(554,'e3c7a407-540d-4cc9-b3c4-983f00174d23','uncovered_lines','6',0),(555,'e3c7a407-540d-4cc9-b3c4-983f00174d23','cognitive_complexity','0',1),(556,'e3c7a407-540d-4cc9-b3c4-983f00174d23','duplicated_blocks','0',1),(557,'e3c7a407-540d-4cc9-b3c4-983f00174d23','ncloc','50',NULL),(558,'e3c7a407-540d-4cc9-b3c4-983f00174d23','vulnerabilities','0',1),(559,'e3c7a407-540d-4cc9-b3c4-983f00174d23','files','5',NULL),(560,'e3c7a407-540d-4cc9-b3c4-983f00174d23','line_coverage','50.0',0),(561,'7e77e5e5-a4a2-4a2f-b455-9fdbd26e56c3','coverage','0.0',0),(562,'7e77e5e5-a4a2-4a2f-b455-9fdbd26e56c3','complexity','16',NULL),(563,'7e77e5e5-a4a2-4a2f-b455-9fdbd26e56c3','reliability_rating','1.0',1),(564,'7e77e5e5-a4a2-4a2f-b455-9fdbd26e56c3','duplicated_lines_density','0.0',1),(565,'7e77e5e5-a4a2-4a2f-b455-9fdbd26e56c3','code_smells','0',1),(566,'7e77e5e5-a4a2-4a2f-b455-9fdbd26e56c3','duplicated_lines','0',1),(567,'7e77e5e5-a4a2-4a2f-b455-9fdbd26e56c3','functions','16',NULL),(568,'7e77e5e5-a4a2-4a2f-b455-9fdbd26e56c3','security_rating','1.0',1),(569,'7e77e5e5-a4a2-4a2f-b455-9fdbd26e56c3','classes','3',NULL),(570,'7e77e5e5-a4a2-4a2f-b455-9fdbd26e56c3','security_hotspots_reviewed','100.0',1),(571,'7e77e5e5-a4a2-4a2f-b455-9fdbd26e56c3','security_hotspots','0',1),(572,'7e77e5e5-a4a2-4a2f-b455-9fdbd26e56c3','security_review_rating','1.0',1),(573,'7e77e5e5-a4a2-4a2f-b455-9fdbd26e56c3','sqale_index','0',1),(574,'7e77e5e5-a4a2-4a2f-b455-9fdbd26e56c3','sqale_rating','1.0',1),(575,'7e77e5e5-a4a2-4a2f-b455-9fdbd26e56c3','bugs','0',1),(576,'7e77e5e5-a4a2-4a2f-b455-9fdbd26e56c3','lines_to_cover','34',NULL),(577,'7e77e5e5-a4a2-4a2f-b455-9fdbd26e56c3','uncovered_lines','34',0),(578,'7e77e5e5-a4a2-4a2f-b455-9fdbd26e56c3','cognitive_complexity','0',1),(579,'7e77e5e5-a4a2-4a2f-b455-9fdbd26e56c3','duplicated_blocks','0',1),(580,'7e77e5e5-a4a2-4a2f-b455-9fdbd26e56c3','ncloc','106',NULL),(581,'7e77e5e5-a4a2-4a2f-b455-9fdbd26e56c3','vulnerabilities','0',1),(582,'7e77e5e5-a4a2-4a2f-b455-9fdbd26e56c3','files','12',NULL),(583,'7e77e5e5-a4a2-4a2f-b455-9fdbd26e56c3','line_coverage','0.0',0),(584,'8cb13c13-1a30-4563-a20e-244250783ed8','coverage','0.0',0),(585,'8cb13c13-1a30-4563-a20e-244250783ed8','complexity','16',NULL),(586,'8cb13c13-1a30-4563-a20e-244250783ed8','reliability_rating','1.0',1),(587,'8cb13c13-1a30-4563-a20e-244250783ed8','duplicated_lines_density','0.0',1),(588,'8cb13c13-1a30-4563-a20e-244250783ed8','code_smells','0',1),(589,'8cb13c13-1a30-4563-a20e-244250783ed8','duplicated_lines','0',1),(590,'8cb13c13-1a30-4563-a20e-244250783ed8','functions','16',NULL),(591,'8cb13c13-1a30-4563-a20e-244250783ed8','security_rating','1.0',1),(592,'8cb13c13-1a30-4563-a20e-244250783ed8','classes','3',NULL),(593,'8cb13c13-1a30-4563-a20e-244250783ed8','security_hotspots_reviewed','100.0',1),(594,'8cb13c13-1a30-4563-a20e-244250783ed8','security_hotspots','0',1),(595,'8cb13c13-1a30-4563-a20e-244250783ed8','security_review_rating','1.0',1),(596,'8cb13c13-1a30-4563-a20e-244250783ed8','sqale_index','0',1),(597,'8cb13c13-1a30-4563-a20e-244250783ed8','sqale_rating','1.0',1),(598,'8cb13c13-1a30-4563-a20e-244250783ed8','bugs','0',1),(599,'8cb13c13-1a30-4563-a20e-244250783ed8','lines_to_cover','34',NULL),(600,'8cb13c13-1a30-4563-a20e-244250783ed8','uncovered_lines','34',0),(601,'8cb13c13-1a30-4563-a20e-244250783ed8','cognitive_complexity','0',1),(602,'8cb13c13-1a30-4563-a20e-244250783ed8','duplicated_blocks','0',1),(603,'8cb13c13-1a30-4563-a20e-244250783ed8','ncloc','106',NULL),(604,'8cb13c13-1a30-4563-a20e-244250783ed8','vulnerabilities','0',1),(605,'8cb13c13-1a30-4563-a20e-244250783ed8','files','12',NULL),(606,'8cb13c13-1a30-4563-a20e-244250783ed8','line_coverage','0.0',0);
/*!40000 ALTER TABLE `code_analysis_metrics` ENABLE KEYS */;
UNLOCK TABLES;

--
-- Dumping data for table `comments`
--

LOCK TABLES `comments` WRITE;
/*!40000 ALTER TABLE `comments` DISABLE KEYS */;
INSERT INTO `comments` VALUES ('32eee290-81e5-11f0-85bb-e00af682e81e',NULL,'teach001-0000-1111-2222-333333333333',NULL,'course01-0000-1111-2222-333333333333','Khóa học này rất phù hợp cho những ai muốn trở thành full-stack developer. Nội dung được thiết kế từ cơ bản đến nâng cao.',1,'2025-08-26 01:56:25','2025-08-26 01:56:25',NULL),('32eee7f4-81e5-11f0-85bb-e00af682e81e',NULL,'teach001-0000-1111-2222-333333333333',NULL,'course02-0000-1111-2222-333333333333','API design là kỹ năng rất quan trọng. Khóa học này sẽ giúp các bạn hiểu sâu về RESTful và microservices.',1,'2025-08-26 01:56:25','2025-08-26 01:56:25',NULL),('32eeea57-81e5-11f0-85bb-e00af682e81e',NULL,'teach002-0000-1111-2222-333333333333',NULL,'course03-0000-1111-2222-333333333333','AI là tương lai của công nghệ. Khóa học cung cấp nền tảng vững chắc cho người mới bắt đầu với Python.',1,'2025-08-26 01:56:25','2025-08-26 01:56:25',NULL),('32eeec39-81e5-11f0-85bb-e00af682e81e',NULL,'teach002-0000-1111-2222-333333333333',NULL,'course04-0000-1111-2222-333333333333','NLP đang rất hot hiện nay. Từ chatbot đến dịch thuật, tất cả đều cần kiến thức NLP vững vàng.',1,'2025-08-26 01:56:25','2025-08-26 01:56:25',NULL),('32eeedb1-81e5-11f0-85bb-e00af682e81e',NULL,'teach003-0000-1111-2222-333333333333',NULL,'course05-0000-1111-2222-333333333333','Machine Learning thực hành với dataset thực tế sẽ giúp các bạn hiểu rõ hơn về cách áp dụng lý thuyết vào thực tế.',1,'2025-08-26 01:56:25','2025-08-28 02:20:44',NULL),('32eeef54-81e5-11f0-85bb-e00af682e81e',NULL,'teach003-0000-1111-2222-333333333333',NULL,'course06-0000-1111-2222-333333333333','Deep Learning là lĩnh vực phức tạp nhưng rất thú vị. Khóa học sẽ đưa các bạn từ neural network cơ bản đến các kiến trúc hiện đại.',1,'2025-08-26 01:56:25','2025-08-26 01:56:25',NULL),('32eef0b2-81e5-11f0-85bb-e00af682e81e',NULL,'teach004-0000-1111-2222-333333333333',NULL,'course07-0000-1111-2222-333333333333','Data analysis là kỹ năng cốt lõi của Data Scientist. Python và R là hai công cụ mạnh mẽ nhất hiện nay.',1,'2025-08-26 01:56:25','2025-08-26 01:56:25',NULL),('32eef260-81e5-11f0-85bb-e00af682e81e',NULL,'teach004-0000-1111-2222-333333333333',NULL,'course08-0000-1111-2222-333333333333','Big Data đang thay đổi cách chúng ta xử lý thông tin. Hadoop và Spark là những công nghệ không thể thiếu.',1,'2025-08-26 01:56:25','2025-08-26 01:56:25',NULL),('32eef3ac-81e5-11f0-85bb-e00af682e81e',NULL,'teach005-0000-1111-2222-333333333333',NULL,'course09-0000-1111-2222-333333333333','AWS là nền tảng cloud hàng đầu thế giới. Khóa học sẽ giúp các bạn master các dịch vụ cơ bản của AWS.',1,'2025-08-26 01:56:25','2025-08-26 01:56:25',NULL),('32eef4d3-81e5-11f0-85bb-e00af682e81e',NULL,'teach005-0000-1111-2222-333333333333',NULL,'course10-0000-1111-2222-333333333333','DevOps là xu hướng tất yếu trong phát triển phần mềm hiện đại. CI/CD pipeline sẽ tăng hiệu suất làm việc đáng kể.',1,'2025-08-26 01:56:25','2025-08-26 01:56:25',NULL),('32eef5f3-81e5-11f0-85bb-e00af682e81e',NULL,'teach006-0000-1111-2222-333333333333',NULL,'course11-0000-1111-2222-333333333333','IoT đang kết nối mọi thứ xung quanh chúng ta. Từ Arduino đến Raspberry Pi, khóa học sẽ dạy từ cơ bản đến nâng cao.',1,'2025-08-26 01:56:25','2025-08-26 01:56:25',NULL),('32eef7d6-81e5-11f0-85bb-e00af682e81e',NULL,'teach006-0000-1111-2222-333333333333',NULL,'course12-0000-1111-2222-333333333333','Smart Home và Industrial IoT là ứng dụng thực tiễn của công nghệ 4.0. Rất thích hợp cho những ai muốn làm việc trong lĩnh vực này.',1,'2025-08-26 01:56:25','2025-08-26 01:56:25',NULL),('32eef919-81e5-11f0-85bb-e00af682e81e',NULL,'teach007-0000-1111-2222-333333333333',NULL,'course13-0000-1111-2222-333333333333','Blockchain không chỉ là cryptocurrency. Smart contracts và DeFi đang mở ra nhiều cơ hội nghề nghiệp mới.',1,'2025-08-26 01:56:25','2025-08-26 01:56:25',NULL),('32eefa39-81e5-11f0-85bb-e00af682e81e',NULL,'teach007-0000-1111-2222-333333333333',NULL,'course14-0000-1111-2222-333333333333','Web3 là tương lai của internet phi tập trung. DApps sẽ thay đổi cách chúng ta tương tác với ứng dụng web.',1,'2025-08-26 01:56:25','2025-08-26 01:56:25',NULL),('32eefb5d-81e5-11f0-85bb-e00af682e81e',NULL,'teach008-0000-1111-2222-333333333333',NULL,'course15-0000-1111-2222-333333333333','Cybersecurity là lĩnh vực rất quan trọng trong thời đại số. Ethical hacking giúp bảo vệ hệ thống khỏi các mối đe dọa.',1,'2025-08-26 01:56:25','2025-08-26 01:56:25',NULL),('32eefc7c-81e5-11f0-85bb-e00af682e81e',NULL,'teach008-0000-1111-2222-333333333333',NULL,'course16-0000-1111-2222-333333333333','Cryptography là nền tảng của bảo mật thông tin. Digital forensics giúp điều tra và phát hiện tội phạm mạng.',1,'2025-08-26 01:56:25','2025-08-26 01:56:25',NULL),('32eefdb1-81e5-11f0-85bb-e00af682e81e',NULL,'teach009-0000-1111-2222-333333333333',NULL,'course17-0000-1111-2222-333333333333','Robotics kết hợp AI sẽ tạo ra những robot thông minh có khả năng tự động hóa nhiều công việc phức tạp.',1,'2025-08-26 01:56:25','2025-08-26 01:56:25',NULL),('32eefed2-81e5-11f0-85bb-e00af682e81e',NULL,'teach009-0000-1111-2222-333333333333',NULL,'course18-0000-1111-2222-333333333333','Computer Vision cho robot là lĩnh vực rất thú vị. Robot có thể nhìn và hiểu thế giới xung quanh như con người.',1,'2025-08-26 01:56:25','2025-08-26 01:56:25',NULL),('32ef0015-81e5-11f0-85bb-e00af682e81e',NULL,'teach010-0000-1111-2222-333333333333',NULL,'course19-0000-1111-2222-333333333333','Data Mining trong business intelligence giúp doanh nghiệp đưa ra quyết định dựa trên dữ liệu chính xác.',1,'2025-08-26 01:56:25','2025-08-26 01:56:25',NULL),('32ef0160-81e5-11f0-85bb-e00af682e81e',NULL,'teach010-0000-1111-2222-333333333333',NULL,'course20-0000-1111-2222-333333333333','Predictive Analytics là chìa khóa để dự đoán tương lai. Từ dự báo thời tiết đến dự đoán thị trường, tất cả đều cần kỹ năng này.',1,'2025-08-26 01:56:25','2025-08-26 01:56:25',NULL),('32ef029e-81e5-11f0-85bb-e00af682e81e',NULL,'72ec6491-d1c3-4321-9013-f913330cc9c3','post001-0000-1111-2222-333333333333',NULL,'Cảm ơn admin đã giới thiệu nền tảng CodeFlow! Tôi rất hào hứng được trải nghiệm các tính năng mới này.',1,'2025-08-26 01:56:25','2025-08-26 01:56:25',NULL),('32ef03e6-81e5-11f0-85bb-e00af682e81e',NULL,'teach001-0000-1111-2222-333333333333','post002-0000-1111-2222-333333333333',NULL,'Hướng dẫn rất chi tiết và dễ hiểu. Điều này sẽ giúp các giảng viên mới sử dụng hệ thống một cách hiệu quả.',1,'2025-08-26 01:56:25','2025-08-26 01:56:25',NULL),('32ef0518-81e5-11f0-85bb-e00af682e81e',NULL,'teach002-0000-1111-2222-333333333333','post003-0000-1111-2222-333333333333',NULL,'Tính năng phân tích code tự động thật tuyệt vời! Điều này sẽ giúp sinh viên cải thiện kỹ năng coding rất nhiều.',1,'2025-08-26 01:56:25','2025-08-26 01:56:25',NULL),('32ef06d5-81e5-11f0-85bb-e00af682e81e',NULL,'teach003-0000-1111-2222-333333333333','post004-0000-1111-2222-333333333333',NULL,'Bài viết rất cập nhật với xu hướng công nghệ 2025. React 19 và Next.js 15 thực sự đang thay đổi cách chúng ta phát triển web.',1,'2025-08-26 01:56:25','2025-08-26 01:56:25',NULL),('32ef08ed-81e5-11f0-85bb-e00af682e81e',NULL,'teach004-0000-1111-2222-333333333333',NULL,NULL,'Best practices về REST API rất hữu ích! Tôi sẽ áp dụng những nguyên tắc này trong khóa học của mình.',1,'2025-08-26 01:56:25','2025-08-26 01:56:25',NULL),('32ef0b2f-81e5-11f0-85bb-e00af682e81e',NULL,'teach005-0000-1111-2222-333333333333','post006-0000-1111-2222-333333333333',NULL,'Docker thực sự đã revolutionize cách chúng ta deploy ứng dụng. Containerization là must-have skill cho mọi developer.',1,'2025-08-26 01:56:25','2025-08-26 01:56:25',NULL),('32ef0cef-81e5-11f0-85bb-e00af682e81e',NULL,'teach006-0000-1111-2222-333333333333','post007-0000-1111-2222-333333333333',NULL,'AI trong giáo dục là chủ đề rất thú vị. Personalized learning sẽ thay đổi hoàn toàn cách chúng ta học và dạy.',1,'2025-08-26 01:56:25','2025-08-26 01:56:25',NULL),('32ef0e23-81e5-11f0-85bb-e00af682e81e',NULL,'teach007-0000-1111-2222-333333333333','post008-0000-1111-2222-333333333333',NULL,'Roadmap ML rất chi tiết và thực tế. Phase-based learning approach sẽ giúp người mới bắt đầu không bị overwhelmed.',1,'2025-08-26 01:56:25','2025-08-26 01:56:25',NULL),('32ef0ff3-81e5-11f0-85bb-e00af682e81e',NULL,'teach008-0000-1111-2222-333333333333','post009-0000-1111-2222-333333333333',NULL,'NLP pipeline explanation rất rõ ràng. Từ preprocessing đến model building, tất cả đều được trình bày một cách có hệ thống.',1,'2025-08-26 01:56:25','2025-08-26 01:56:25',NULL),('32ef113e-81e5-11f0-85bb-e00af682e81e',NULL,'teach009-0000-1111-2222-333333333333','post010-0000-1111-2222-333333333333',NULL,'So sánh Deep Learning vs Traditional ML rất hữu ích. Decision framework cuối bài sẽ giúp nhiều người chọn đúng approach.',1,'2025-08-26 01:56:25','2025-08-26 01:56:25',NULL);
/*!40000 ALTER TABLE `comments` ENABLE KEYS */;
UNLOCK TABLES;

--
-- Dumping data for table `commits`
--

LOCK TABLES `commits` WRITE;
/*!40000 ALTER TABLE `commits` DISABLE KEYS */;
INSERT INTO `commits` VALUES ('01e40a4d-2ed4-4f43-b206-6f8f255fc42f','664af26f-effc-423a-b599-c597d890b3ac','2a7be37dc7b559e678586ddd4d7ac12697e49e47','Create next.config.js','61c536d1-9b61-4291-a042-28b7aefe07cb',8,0,8,0,'master','2025-08-27 04:42:59','2025-08-27 04:42:59'),('039530b0-cd67-43e8-835a-745aeff2c90d','0139df9b-e6d0-4de7-8d2c-36e21823bf38','3d450a6328e89a90246b2348e6f74ad532b52397','Create package-lock.json','61c536d1-9b61-4291-a042-28b7aefe07cb',13,0,13,0,'master','2025-08-27 04:58:07','2025-08-27 04:58:07'),('12de5d79-9dc7-4103-9d3b-0e8f5a612536','ec32179c-b54e-4d45-ac56-54c63038f258','6b51facef7a07e1f9ac089519dc21794f6a0d4a7','Add initial HTML structure for the website','ff25f381-32db-431b-bfa9-c3b8e242003d',119,0,119,0,'master','2025-08-27 01:09:39','2025-08-27 01:09:39'),('16efd20a-9923-4bd8-bb8f-e33457817a4f','6f07b56a-9253-4505-a83f-91d7d070344c','9c29589fac9a63443d404242451de546bae8616f','Create index.js','61c536d1-9b61-4291-a042-28b7aefe07cb',10,0,10,0,'master','2025-08-27 04:02:56','2025-08-27 04:02:56'),('18753c14-7e49-4c82-84b6-111492ca21ec','6f07b56a-9253-4505-a83f-91d7d070344c','587fd7dd61b17babf183cc0b80cdb67ade0c35fd','Create App.js','61c536d1-9b61-4291-a042-28b7aefe07cb',18,0,18,0,'master','2025-08-27 04:02:40','2025-08-27 04:02:40'),('1b91c637-18a3-4c75-88ed-831b3f433a37','664af26f-effc-423a-b599-c597d890b3ac','05c17d1e45a02a6741b1c3164495f216d04b799d','Create globals.css','61c536d1-9b61-4291-a042-28b7aefe07cb',69,0,69,0,'master','2025-08-27 04:44:48','2025-08-27 04:44:48'),('1d0868f6-1254-4fba-94f9-7ecd534cf3c7','ec32179c-b54e-4d45-ac56-54c63038f258','820f05ddae1792113183252b33174c4238190de2','Update welcome message in index.html','ff25f381-32db-431b-bfa9-c3b8e242003d',1,1,2,0,'master','2025-08-27 01:42:39','2025-08-27 01:42:39'),('269178ea-faea-40b8-9949-326bde5d7902','ec32179c-b54e-4d45-ac56-54c63038f258','e5ff0a57c11f0c44ed7bd91de0488b48a21239c5','Change website title from \'My Website\' to \'HTML CodeFlow\'','ff25f381-32db-431b-bfa9-c3b8e242003d',1,1,2,0,'dtanmai-patch-1','2025-08-27 01:34:20','2025-08-27 01:34:20'),('27737c3d-8e2f-49a1-88bf-a1a2b8032812','6f07b56a-9253-4505-a83f-91d7d070344c','1238f0e26abadf8b3d235132d99ebb7cd3368ff0','Create package-lock.json','61c536d1-9b61-4291-a042-28b7aefe07cb',6627,0,6627,0,'master','2025-08-27 04:14:29','2025-08-27 04:14:29'),('34983c5b-dc2d-4c8e-a03a-3c34b2d879db','42c93e13-a2b9-4270-801d-d254e88ff029','586a41693a7c5dc169f6cf6896d5869a2fe748f8','Refactor CI workflow to streamline Node.js version management and enhance SonarCloud integration','9f13e977-a9f6-4b43-aa2b-1676ad6ab047',9880,63,9943,0,'master','2025-08-29 04:05:39','2025-08-29 04:05:39'),('3568ec83-6f28-4679-baf6-799bb16b4aa7','ec32179c-b54e-4d45-ac56-54c63038f258','ee4a9b5bb5911105e105c3ced005d1bd7b98115a','Merge pull request #3 from organization-codeflow/dtanmai-patch-2\n\nUpdate welcome message in index.html','ff25f381-32db-431b-bfa9-c3b8e242003d',1,1,2,0,'master','2025-08-27 01:42:40','2025-08-27 01:42:40'),('43a8ace8-d311-4c78-bc65-387446d4fc6d','664af26f-effc-423a-b599-c597d890b3ac','95ab4bd11f1494b18f81e9f1315e6f8de633c2a2','Create package-lock.json','61c536d1-9b61-4291-a042-28b7aefe07cb',4914,0,4914,0,'master','2025-08-27 04:44:06','2025-08-27 04:44:06'),('46a228b0-9654-4f1b-b5e9-d7311ad4dd54','3665e7b9-4b92-43f0-b1c7-adf92b5164eb','f9d8633b59975bfd9bb9d3e806bbf25c758efff3','Initial commit: Simple Django project setup','9f13e977-a9f6-4b43-aa2b-1676ad6ab047',540,0,540,0,'master','2025-08-28 05:35:49','2025-08-28 05:35:49'),('4a0abb93-5e37-437a-b955-f5396186253d','664af26f-effc-423a-b599-c597d890b3ac','1dfd0d4cf7f9caad961004f1cfe38de6eb3ddcf3','Create package.json','61c536d1-9b61-4291-a042-28b7aefe07cb',24,0,24,0,'master','2025-08-27 04:43:19','2025-08-27 04:43:19'),('4f637f80-b640-4f96-afa2-471cd9ba870f','ec32179c-b54e-4d45-ac56-54c63038f258','b143f9e6f1427bbd73c2602e574859dff23d2c91','Add dark mode toggle and theme notification\n\nImplement dark mode toggle functionality with theme persistence and notification messages.','ff25f381-32db-431b-bfa9-c3b8e242003d',87,0,87,0,'update-dark-mode','2025-08-27 01:27:55','2025-08-27 01:27:55'),('4fabf9e6-6292-431e-bd94-13fac11167c8','0139df9b-e6d0-4de7-8d2c-36e21823bf38','ca101cdf3a33559edd742b2acab9e6d1d8d06020','Create index.js','61c536d1-9b61-4291-a042-28b7aefe07cb',2,0,2,0,'master','2025-08-27 04:58:15','2025-08-27 04:58:15'),('573b4e8b-72df-46eb-a91a-2b31b712665a','ec32179c-b54e-4d45-ac56-54c63038f258','da3c941251478c62c849631f36986f2db4f0a815','Add CSS styles for layout and responsiveness','ff25f381-32db-431b-bfa9-c3b8e242003d',351,0,351,0,'master','2025-08-27 01:10:10','2025-08-27 01:10:10'),('578ec4eb-609f-4f9c-80ff-c367f5778062','3665e7b9-4b92-43f0-b1c7-adf92b5164eb','2346238f4b510afd3dc685d388821db92e222683','Merge remote README with local Django project setup','9f13e977-a9f6-4b43-aa2b-1676ad6ab047',125,11,136,0,'master','2025-08-28 05:35:50','2025-08-28 05:35:50'),('5958acd6-f83c-479f-bce9-f3af1cdcbd4e','c5f13111-e689-4afa-bb41-7033e158ed67','6f0b6ed048a993294a9412fd990b339457b3de99','Change print statement from \'Hello\' to \'Goodbye\'','ff25f381-32db-431b-bfa9-c3b8e242003d',1697,0,1697,0,'master','2025-08-27 03:38:25','2025-08-27 03:38:25'),('5fda74df-9fa9-4aad-8f2f-2ce9af7b5dcb','ec32179c-b54e-4d45-ac56-54c63038f258','675f560e2160441e2b9f021da651448086427c5f','Implement theme toggle and dark theme styles\n\nAdded styles for theme toggle button and dark theme.','ff25f381-32db-431b-bfa9-c3b8e242003d',160,0,160,0,'update-dark-mode','2025-08-27 01:28:11','2025-08-27 01:28:11'),('60105eb0-bcad-431f-8e96-1303a0625cdd','60b6c940-a0d1-4521-82ef-7ad0ca6ff91b','32e3eff5618c6ab5802d02731bb5a00c4eab7230','Initialize Express server with basic routes','ff25f381-32db-431b-bfa9-c3b8e242003d',38,0,38,0,'master','2025-08-27 03:27:22','2025-08-27 03:27:22'),('6a6b7527-63d9-4f09-b82c-8a54da5f1ad7','6f07b56a-9253-4505-a83f-91d7d070344c','aaa30f95221a37081984323fa13d1a4f3c8a063f','Create webpack.config.js','61c536d1-9b61-4291-a042-28b7aefe07cb',44,0,44,0,'master','2025-08-27 04:01:55','2025-08-27 04:01:55'),('72caf91a-e5e1-4dda-851a-5acdf45caf6d','3665e7b9-4b92-43f0-b1c7-adf92b5164eb','ee9e5ed1f2418576955086a928f4a18ceb8ada2f','Update README.md','9f13e977-a9f6-4b43-aa2b-1676ad6ab047',0,2,2,0,'master','2025-08-28 22:45:54','2025-08-28 22:45:54'),('73e3ec64-74fa-43e0-b47e-6dee4442f8ce','ec32179c-b54e-4d45-ac56-54c63038f258','a6a77dcf21c09bc2417732e97d71143d648f5d01','Add theme toggle feature to index.html','ff25f381-32db-431b-bfa9-c3b8e242003d',6,0,6,0,'update-dark-mode','2025-08-27 01:27:42','2025-08-27 01:27:42'),('7dd89069-8ecb-46fc-a21b-1e00fefe3093','6f07b56a-9253-4505-a83f-91d7d070344c','7a6e1c9213c5df649e0690676609efcae8618a74','Create App.css','61c536d1-9b61-4291-a042-28b7aefe07cb',39,0,39,0,'master','2025-08-27 04:02:24','2025-08-27 04:02:24'),('83d4f037-70d2-4e97-a11f-ff3e754b6f24','664af26f-effc-423a-b599-c597d890b3ac','3a71725bf1d5106580727ad3c668dfa80a966dff','Create tsconfig.json','61c536d1-9b61-4291-a042-28b7aefe07cb',28,0,28,0,'master','2025-08-27 04:44:28','2025-08-27 04:44:28'),('83ddd093-315a-41a7-84be-aa9c9684ca43','ec32179c-b54e-4d45-ac56-54c63038f258','a10386e06710cff7dc13ccefd6dfa7a159d23cf9','Fix box-shadow property in style.css','ff25f381-32db-431b-bfa9-c3b8e242003d',1,1,2,0,'dtanmai-patch-3','2025-08-27 01:45:13','2025-08-27 01:45:13'),('92fd763e-1705-4cdf-8932-5c8abecf1a18','c5f13111-e689-4afa-bb41-7033e158ed67','86fef52b5a02057c9f0e6fc680450ad79f053905','Create package.json for Express TypeScript project','ff25f381-32db-431b-bfa9-c3b8e242003d',25,0,25,0,'master','2025-08-27 03:38:56','2025-08-27 03:38:56'),('9684630f-b8da-410e-b00d-4fe8ada57d90','ec32179c-b54e-4d45-ac56-54c63038f258','c585b3e0b283524bc4bddd485588573711f20ed9','Add smooth scrolling and custom alert functionality','ff25f381-32db-431b-bfa9-c3b8e242003d',281,0,281,0,'master','2025-08-27 01:09:56','2025-08-27 01:09:56'),('9f61b5ba-bb94-49ad-b02f-9311d616e017','6f07b56a-9253-4505-a83f-91d7d070344c','0986a30ef72bc8face51fc97a31c6d34b538c50c','Create index.html','61c536d1-9b61-4291-a042-28b7aefe07cb',11,0,11,0,'master','2025-08-27 04:03:18','2025-08-27 04:03:18'),('9f9e1ead-617a-4c88-ac53-04d645179c7d','60b6c940-a0d1-4521-82ef-7ad0ca6ff91b','7ff2cfa3741d2b85b116c23d7e3c520e31256f20','Change greeting from \'Hello\' to \'Goodbye\'','ff25f381-32db-431b-bfa9-c3b8e242003d',833,0,833,0,'master','2025-08-27 03:27:37','2025-08-27 03:27:37'),('a64dc90b-f7b1-4e35-bc15-5b547dc257aa','1839cdb4-678a-4a26-a37c-63a8f405c3ee','24a3f89d97dd186ee5af957345847baaabf23729','Update README.md with Flask application setup instructions and API endpoints','9f13e977-a9f6-4b43-aa2b-1676ad6ab047',302,0,302,0,'master','2025-08-28 23:23:22','2025-08-28 23:23:22'),('aaca83f8-42dd-4f95-956d-2edb5f68d6e5','42c93e13-a2b9-4270-801d-d254e88ff029','d00f620183320293183480337b2e7ce1875876c2','fix: update greeting message in AppService to reflect platform name','9f13e977-a9f6-4b43-aa2b-1676ad6ab047',1,1,2,0,'master','2025-08-29 04:12:53','2025-08-29 04:12:53'),('adbc510d-7e9f-479c-9013-5ae7c049369e','e77fc472-89d2-4fe5-be61-c67056d44a93','e58d3d5978d537c11e662a91a6563654fa9abdf5','Update sonar configuration to improve code quality analysis','9f13e977-a9f6-4b43-aa2b-1676ad6ab047',389,0,389,0,'master','2025-08-29 01:15:42','2025-08-29 01:15:42'),('af146d7d-9161-4cd0-9e4c-e45c4257bb66','d0cbf74c-fcac-4725-8456-b680c2f6be42','0a94b1f05442d34839e918d2c4f28d3f779096e9','Update sonar configuration to improve code quality analysis','9f13e977-a9f6-4b43-aa2b-1676ad6ab047',443,0,443,0,'master','2025-08-29 03:42:29','2025-08-29 03:42:29'),('af320fd5-8a68-424b-96ae-920cb9401b9a','6f07b56a-9253-4505-a83f-91d7d070344c','5a40dc935fce0149b221d73e7e2768a7d3e5baf4','Create package.json','61c536d1-9b61-4291-a042-28b7aefe07cb',30,0,30,0,'master','2025-08-27 04:01:41','2025-08-27 04:01:41'),('b3a5f333-000b-4311-bf6c-47929a6e8a3d','42c93e13-a2b9-4270-801d-d254e88ff029','0cc51730df613ce36b6665ef9780cb613e5be1e3','feat: create basic NestJS project with workflow setup','9f13e977-a9f6-4b43-aa2b-1676ad6ab047',12,4,16,0,'master','2025-08-29 04:10:18','2025-08-29 04:10:18'),('bbee9580-50b2-4c28-890d-f6ba0c862cee','60b6c940-a0d1-4521-82ef-7ad0ca6ff91b','13536db543f1fe51ee9c93c66f649a401468b906','Initialize package.json for Express project','ff25f381-32db-431b-bfa9-c3b8e242003d',16,0,16,0,'master','2025-08-27 03:27:51','2025-08-27 03:27:51'),('c1464492-f515-47ca-a381-1974f62a55b0','42c93e13-a2b9-4270-801d-d254e88ff029','36271e5807e60d7ac19c93fd5b783968ee4ee92d','fix: update greeting message in AppService to specify API version','9f13e977-a9f6-4b43-aa2b-1676ad6ab047',1,1,2,0,'master','2025-08-29 04:16:17','2025-08-29 04:16:17'),('c2c5993c-d2fc-4674-aa5f-5a1d0d209080','c5f13111-e689-4afa-bb41-7033e158ed67','4b43fb4f9a40a1aaa95f6ca8d08b58d150b8d391','Create tsconfig.json with compiler settings','ff25f381-32db-431b-bfa9-c3b8e242003d',32,0,32,0,'master','2025-08-27 03:43:18','2025-08-27 03:43:18'),('d0ab09f0-a747-4484-ba69-858b33e6a05e','c5f13111-e689-4afa-bb41-7033e158ed67','ce500d483a47df19bfbfc0b38bb9e70bbeaa7297','Set up Express server with TypeScript routes','ff25f381-32db-431b-bfa9-c3b8e242003d',83,0,83,0,'master','2025-08-27 03:37:58','2025-08-27 03:37:58'),('d7fbfb7f-8956-488b-82ae-c586ea0e865d','664af26f-effc-423a-b599-c597d890b3ac','20886de367f5396631c43d693c41f05dc9d6cf9b','Create layout.tsx','61c536d1-9b61-4291-a042-28b7aefe07cb',19,0,19,0,'master','2025-08-27 04:45:00','2025-08-27 04:45:00'),('ea7eb1a2-ad58-4371-8250-1a6266ef0cc6','ec32179c-b54e-4d45-ac56-54c63038f258','5d8058dc7390c1c34dc944843de480737a85a515','Enhance CI with validation and structure checks','ff25f381-32db-431b-bfa9-c3b8e242003d',56,23,79,0,'master','2025-08-27 01:19:39','2025-08-27 01:19:39'),('ec1e0d1c-6ba6-41d8-b3cf-34133ee80d85','ec32179c-b54e-4d45-ac56-54c63038f258','820f05ddae1792113183252b33174c4238190de2','Update welcome message in index.html','ff25f381-32db-431b-bfa9-c3b8e242003d',1,1,2,0,'dtanmai-patch-2','2025-08-27 01:40:47','2025-08-27 01:40:47'),('f88e885c-c00c-4d92-82a1-4ca01d1abc56','ec32179c-b54e-4d45-ac56-54c63038f258','7d56737c97945df8d143e0e3011aeb7a222af500','Change title from \'Dự Án HTML Đơn Giản\' to \'Dự Án HTML\'','ff25f381-32db-431b-bfa9-c3b8e242003d',1,1,2,0,'master','2025-08-27 01:32:10','2025-08-27 01:32:10'),('fe5f5223-167f-41af-9048-aa0cfdcc7e15','0139df9b-e6d0-4de7-8d2c-36e21823bf38','b62e408394c031792840049c3c76ea56b3a86a03','Create package.json','61c536d1-9b61-4291-a042-28b7aefe07cb',13,0,13,0,'master','2025-08-27 04:57:51','2025-08-27 04:57:51');
/*!40000 ALTER TABLE `commits` ENABLE KEYS */;
UNLOCK TABLES;

--
-- Dumping data for table `course_documents`
--

LOCK TABLES `course_documents` WRITE;
/*!40000 ALTER TABLE `course_documents` DISABLE KEYS */;
/*!40000 ALTER TABLE `course_documents` ENABLE KEYS */;
UNLOCK TABLES;

--
-- Dumping data for table `course_enrollments`
--

LOCK TABLES `course_enrollments` WRITE;
/*!40000 ALTER TABLE `course_enrollments` DISABLE KEYS */;
INSERT INTO `course_enrollments` VALUES (1,'course01-0000-1111-2222-333333333333','ff25f381-32db-431b-bfa9-c3b8e242003d',1,'2025-08-26 23:50:04','2025-08-26 23:50:04',NULL),(2,'course02-0000-1111-2222-333333333333','61c536d1-9b61-4291-a042-28b7aefe07cb',1,'2025-08-27 03:50:38','2025-08-27 03:50:38',NULL),(3,'course01-0000-1111-2222-333333333333','61c536d1-9b61-4291-a042-28b7aefe07cb',1,'2025-08-27 03:50:50','2025-08-27 03:50:50',NULL),(4,'course01-0000-1111-2222-333333333333','9f13e977-a9f6-4b43-aa2b-1676ad6ab047',1,'2025-08-28 04:52:23','2025-08-28 04:52:23',NULL);
/*!40000 ALTER TABLE `course_enrollments` ENABLE KEYS */;
UNLOCK TABLES;

--
-- Dumping data for table `course_tags`
--

LOCK TABLES `course_tags` WRITE;
/*!40000 ALTER TABLE `course_tags` DISABLE KEYS */;
INSERT INTO `course_tags` VALUES ('32ed467d-81e5-11f0-85bb-e00af682e81e','tag-js01-0000-1111-222222222222','course01-0000-1111-2222-333333333333','2025-08-26 01:56:25','2025-08-26 01:56:25',NULL),('32ed4aaf-81e5-11f0-85bb-e00af682e81e','tag-reac-0000-1111-222222222222','course01-0000-1111-2222-333333333333','2025-08-26 01:56:25','2025-08-26 01:56:25',NULL),('32ed4c35-81e5-11f0-85bb-e00af682e81e','tag-node-0000-1111-222222222222','course01-0000-1111-2222-333333333333','2025-08-26 01:56:25','2025-08-26 01:56:25',NULL),('32ed4d3c-81e5-11f0-85bb-e00af682e81e','tag-web1-0000-1111-222222222222','course01-0000-1111-2222-333333333333','2025-08-26 01:56:25','2025-08-26 01:56:25',NULL),('32ed4e32-81e5-11f0-85bb-e00af682e81e','tag-api1-0000-1111-222222222222','course02-0000-1111-2222-333333333333','2025-08-26 01:56:25','2025-08-26 01:56:25',NULL),('32ed4f1f-81e5-11f0-85bb-e00af682e81e','tag-node-0000-1111-222222222222','course02-0000-1111-2222-333333333333','2025-08-26 01:56:25','2025-08-26 01:56:25',NULL),('32ed50ab-81e5-11f0-85bb-e00af682e81e','tag-db01-0000-1111-222222222222','course02-0000-1111-2222-333333333333','2025-08-26 01:56:25','2025-08-26 01:56:25',NULL),('32ed51a8-81e5-11f0-85bb-e00af682e81e','tag-ml01-0000-1111-222222222222','course03-0000-1111-2222-333333333333','2025-08-26 01:56:25','2025-08-26 01:56:25',NULL),('32ed5299-81e5-11f0-85bb-e00af682e81e','tag-pyth-0000-1111-222222222222','course03-0000-1111-2222-333333333333','2025-08-26 01:56:25','2025-08-26 01:56:25',NULL),('32ed538b-81e5-11f0-85bb-e00af682e81e','tag-ml01-0000-1111-222222222222','course04-0000-1111-2222-333333333333','2025-08-26 01:56:25','2025-08-26 01:56:25',NULL),('32ed5470-81e5-11f0-85bb-e00af682e81e','tag-pyth-0000-1111-222222222222','course04-0000-1111-2222-333333333333','2025-08-26 01:56:25','2025-08-26 01:56:25',NULL),('32ed555b-81e5-11f0-85bb-e00af682e81e','tag-ml01-0000-1111-222222222222','course05-0000-1111-2222-333333333333','2025-08-26 01:56:25','2025-08-26 01:56:25',NULL),('32ed5642-81e5-11f0-85bb-e00af682e81e','tag-pyth-0000-1111-222222222222','course05-0000-1111-2222-333333333333','2025-08-26 01:56:25','2025-08-26 01:56:25',NULL),('32ed5720-81e5-11f0-85bb-e00af682e81e','tag-ml01-0000-1111-222222222222','course06-0000-1111-2222-333333333333','2025-08-26 01:56:25','2025-08-26 01:56:25',NULL),('32ed5800-81e5-11f0-85bb-e00af682e81e','tag-pyth-0000-1111-222222222222','course06-0000-1111-2222-333333333333','2025-08-26 01:56:25','2025-08-26 01:56:25',NULL),('32ed58e3-81e5-11f0-85bb-e00af682e81e','tag-pyth-0000-1111-222222222222','course07-0000-1111-2222-333333333333','2025-08-26 01:56:25','2025-08-26 01:56:25',NULL),('32ed59c6-81e5-11f0-85bb-e00af682e81e','tag-db01-0000-1111-222222222222','course07-0000-1111-2222-333333333333','2025-08-26 01:56:25','2025-08-26 01:56:25',NULL),('32ed5c74-81e5-11f0-85bb-e00af682e81e','tag-devp-0000-1111-222222222222','course09-0000-1111-2222-333333333333','2025-08-26 01:56:25','2025-08-26 01:56:25',NULL),('32ed5d59-81e5-11f0-85bb-e00af682e81e','tag-dock-0000-1111-222222222222','course09-0000-1111-2222-333333333333','2025-08-26 01:56:25','2025-08-26 01:56:25',NULL),('32ed5e3b-81e5-11f0-85bb-e00af682e81e','tag-devp-0000-1111-222222222222','course10-0000-1111-2222-333333333333','2025-08-26 01:56:25','2025-08-26 01:56:25',NULL),('32ed5f38-81e5-11f0-85bb-e00af682e81e','tag-dock-0000-1111-222222222222','course10-0000-1111-2222-333333333333','2025-08-26 01:56:25','2025-08-26 01:56:25',NULL),('32ed6018-81e5-11f0-85bb-e00af682e81e','tag-kube-0000-1111-222222222222','course10-0000-1111-2222-333333333333','2025-08-26 01:56:25','2025-08-26 01:56:25',NULL),('32ed60fd-81e5-11f0-85bb-e00af682e81e','tag-git1-0000-1111-222222222222','course10-0000-1111-2222-333333333333','2025-08-26 01:56:25','2025-08-26 01:56:25',NULL),('32ed61dc-81e5-11f0-85bb-e00af682e81e','tag-pyth-0000-1111-222222222222','course11-0000-1111-2222-333333333333','2025-08-26 01:56:25','2025-08-26 01:56:25',NULL),('32ed62ba-81e5-11f0-85bb-e00af682e81e','tag-cshp-0000-1111-222222222222','course11-0000-1111-2222-333333333333','2025-08-26 01:56:25','2025-08-26 01:56:25',NULL),('32ed63a2-81e5-11f0-85bb-e00af682e81e','tag-pyth-0000-1111-222222222222','course12-0000-1111-2222-333333333333','2025-08-26 01:56:25','2025-08-26 01:56:25',NULL),('32ed648a-81e5-11f0-85bb-e00af682e81e','tag-ml01-0000-1111-222222222222','course12-0000-1111-2222-333333333333','2025-08-26 01:56:25','2025-08-26 01:56:25',NULL),('32ed6574-81e5-11f0-85bb-e00af682e81e','tag-js01-0000-1111-222222222222','course13-0000-1111-2222-333333333333','2025-08-26 01:56:25','2025-08-26 01:56:25',NULL),('32ed665a-81e5-11f0-85bb-e00af682e81e','tag-node-0000-1111-222222222222','course13-0000-1111-2222-333333333333','2025-08-26 01:56:25','2025-08-26 01:56:25',NULL),('32ed6739-81e5-11f0-85bb-e00af682e81e','tag-js01-0000-1111-222222222222','course14-0000-1111-2222-333333333333','2025-08-26 01:56:25','2025-08-26 01:56:25',NULL),('32ed68a9-81e5-11f0-85bb-e00af682e81e','tag-web1-0000-1111-222222222222','course14-0000-1111-2222-333333333333','2025-08-26 01:56:25','2025-08-26 01:56:25',NULL),('32ed6a1d-81e5-11f0-85bb-e00af682e81e','tag-pyth-0000-1111-222222222222','course15-0000-1111-2222-333333333333','2025-08-26 01:56:25','2025-08-26 01:56:25',NULL),('32ed6b13-81e5-11f0-85bb-e00af682e81e','tag-devp-0000-1111-222222222222','course15-0000-1111-2222-333333333333','2025-08-26 01:56:25','2025-08-26 01:56:25',NULL),('32ed6bf3-81e5-11f0-85bb-e00af682e81e','tag-pyth-0000-1111-222222222222','course16-0000-1111-2222-333333333333','2025-08-26 01:56:25','2025-08-26 01:56:25',NULL),('32ed6ce6-81e5-11f0-85bb-e00af682e81e','tag-cshp-0000-1111-222222222222','course16-0000-1111-2222-333333333333','2025-08-26 01:56:25','2025-08-26 01:56:25',NULL),('32ed6dc3-81e5-11f0-85bb-e00af682e81e','tag-pyth-0000-1111-222222222222','course17-0000-1111-2222-333333333333','2025-08-26 01:56:25','2025-08-26 01:56:25',NULL),('32ed6ea3-81e5-11f0-85bb-e00af682e81e','tag-ml01-0000-1111-222222222222','course17-0000-1111-2222-333333333333','2025-08-26 01:56:25','2025-08-26 01:56:25',NULL),('32ed6f88-81e5-11f0-85bb-e00af682e81e','tag-cshp-0000-1111-222222222222','course17-0000-1111-2222-333333333333','2025-08-26 01:56:25','2025-08-26 01:56:25',NULL),('32ed7066-81e5-11f0-85bb-e00af682e81e','tag-pyth-0000-1111-222222222222','course18-0000-1111-2222-333333333333','2025-08-26 01:56:25','2025-08-26 01:56:25',NULL),('32ed7147-81e5-11f0-85bb-e00af682e81e','tag-ml01-0000-1111-222222222222','course18-0000-1111-2222-333333333333','2025-08-26 01:56:25','2025-08-26 01:56:25',NULL),('32ed7230-81e5-11f0-85bb-e00af682e81e','tag-pyth-0000-1111-222222222222','course19-0000-1111-2222-333333333333','2025-08-26 01:56:25','2025-08-26 01:56:25',NULL),('32ed7316-81e5-11f0-85bb-e00af682e81e','tag-db01-0000-1111-222222222222','course19-0000-1111-2222-333333333333','2025-08-26 01:56:25','2025-08-26 01:56:25',NULL),('32ed73f9-81e5-11f0-85bb-e00af682e81e','tag-pyth-0000-1111-222222222222','course20-0000-1111-2222-333333333333','2025-08-26 01:56:25','2025-08-26 01:56:25',NULL),('32ed74da-81e5-11f0-85bb-e00af682e81e','tag-ml01-0000-1111-222222222222','course20-0000-1111-2222-333333333333','2025-08-26 01:56:25','2025-08-26 01:56:25',NULL),('32ed75c4-81e5-11f0-85bb-e00af682e81e','tag-db01-0000-1111-222222222222','course20-0000-1111-2222-333333333333','2025-08-26 01:56:25','2025-08-26 01:56:25',NULL),('909416bf-0730-43d3-87b1-f14adbec62d1','tag-db01-0000-1111-222222222222','course08-0000-1111-2222-333333333333','2025-08-28 01:55:58','2025-08-28 01:55:58',NULL),('a83c834b-ede9-40b5-bc17-acf26d6e5dc4','tag-pyth-0000-1111-222222222222','course08-0000-1111-2222-333333333333','2025-08-28 01:55:58','2025-08-28 01:55:58',NULL);
/*!40000 ALTER TABLE `course_tags` ENABLE KEYS */;
UNLOCK TABLES;

--
-- Dumping data for table `courses`
--

LOCK TABLES `courses` WRITE;
/*!40000 ALTER TABLE `courses` DISABLE KEYS */;
INSERT INTO `courses` VALUES ('course01-0000-1111-2222-333333333333','Lập trình Web Full-stack với React & Node.js','Khóa học toàn diện về phát triển ứng dụng web từ frontend đến backend sử dụng React.js và Node.js',NULL,'2025-09-01 00:00:00','2025-09-30 00:00:00','2025-08-15 00:00:00','2025-08-30 00:00:00','2025-10-05 00:00:00',1,4,'','teach001-0000-1111-2222-333333333333','major','2025-08-26 01:56:25','2025-08-26 01:56:25',NULL),('course02-0000-1111-2222-333333333333','Xây dựng API RESTful và Microservices','Học cách thiết kế và phát triển API RESTful, kiến trúc microservices và tích hợp các dịch vụ',NULL,'2025-09-01 00:00:00','2025-09-30 00:00:00','2025-08-15 00:00:00','2025-08-30 00:00:00','2025-10-05 00:00:00',1,3,'','teach001-0000-1111-2222-333333333333','foundation','2025-08-26 01:56:25','2025-08-26 01:56:25',NULL),('course03-0000-1111-2222-333333333333','Trí tuệ nhân tạo cơ bản với Python','Khóa học nhập môn về AI, machine learning và deep learning sử dụng Python và các thư viện phổ biến',NULL,'2025-09-02 00:00:00','2025-09-30 00:00:00','2025-08-16 00:00:00','2025-08-31 00:00:00','2025-10-06 00:00:00',1,3,'','teach002-0000-1111-2222-333333333333','major','2025-08-26 01:56:25','2025-08-26 01:56:25',NULL),('course04-0000-1111-2222-333333333333','Xử lý ngôn ngữ tự nhiên (NLP)','Nghiên cứu và ứng dụng các kỹ thuật NLP trong việc xử lý và phân tích văn bản',NULL,'2025-09-02 00:00:00','2025-09-30 00:00:00','2025-08-16 00:00:00','2025-08-31 00:00:00','2025-10-06 00:00:00',1,2,'','teach002-0000-1111-2222-333333333333','foundation','2025-08-26 01:56:25','2025-08-26 01:56:25',NULL),('course05-0000-1111-2222-333333333333','Machine Learning thực hành','Áp dụng các thuật toán machine learning vào các bài toán thực tế với dataset lớn',NULL,'2025-09-03 00:00:00','2025-09-30 00:00:00','2025-08-17 00:00:00','2025-09-01 00:00:00','2025-10-07 00:00:00',1,4,'','teach003-0000-1111-2222-333333333333','major','2025-08-26 01:56:25','2025-08-26 01:56:25',NULL),('course06-0000-1111-2222-333333333333','Deep Learning và Neural Networks','Nghiên cứu sâu về mạng neural, CNN, RNN và các kiến trúc deep learning hiện đại',NULL,'2025-09-03 00:00:00','2025-09-30 00:00:00','2025-08-17 00:00:00','2025-09-01 00:00:00','2025-10-07 00:00:00',1,3,'','teach003-0000-1111-2222-333333333333','foundation','2025-08-26 01:56:25','2025-08-26 01:56:25',NULL),('course07-0000-1111-2222-333333333333','Phân tích dữ liệu với Python và R','Sử dụng Python và R để thu thập, xử lý và phân tích dữ liệu lớn từ nhiều nguồn khác nhau',NULL,'2025-09-04 00:00:00','2025-09-30 00:00:00','2025-08-18 00:00:00','2025-09-02 00:00:00','2025-10-08 00:00:00',1,3,'','teach004-0000-1111-2222-333333333333','major','2025-08-26 01:56:25','2025-08-26 01:56:25',NULL),('course08-0000-1111-2222-333333333333','Big Data và Data Mining 123','Nghiên cứu các kỹ thuật khai phá dữ liệu và xử lý big data với Hadoop, Spark','','2025-09-04 00:00:00','2025-09-30 00:00:00','2025-08-18 00:00:00','2025-09-02 00:00:00','2025-10-08 00:00:00',1,2,'$2b$10$kPQT/gYMtqlkHD3zKbVZSeizEctYN1.WAMwWnGYKd8lgTGOQIg8hy','teach004-0000-1111-2222-333333333333','foundation','2025-08-26 01:56:25','2025-08-28 01:55:58',NULL),('course09-0000-1111-2222-333333333333','Cloud Computing với AWS','Triển khai và quản lý ứng dụng trên Amazon Web Services, học các dịch vụ cloud cơ bản',NULL,'2025-09-05 00:00:00','2025-09-30 00:00:00','2025-08-19 00:00:00','2025-09-03 00:00:00','2025-10-09 00:00:00',1,4,'','teach005-0000-1111-2222-333333333333','major','2025-08-26 01:56:25','2025-08-26 01:56:25',NULL),('course10-0000-1111-2222-333333333333','DevOps và CI/CD Pipeline','Tự động hóa quy trình phát triển phần mềm với Docker, Kubernetes và các công cụ DevOps',NULL,'2025-09-05 00:00:00','2025-09-30 00:00:00','2025-08-19 00:00:00','2025-09-03 00:00:00','2025-10-09 00:00:00',1,3,'','teach005-0000-1111-2222-333333333333','foundation','2025-08-26 01:56:25','2025-08-26 01:56:25',NULL),('course11-0000-1111-2222-333333333333','Internet of Things (IoT) cơ bản','Xây dựng hệ thống IoT với Arduino, Raspberry Pi và các cảm biến thông minh',NULL,'2025-09-08 00:00:00','2025-09-30 00:00:00','2025-08-22 00:00:00','2025-09-06 00:00:00','2025-10-12 00:00:00',1,3,'','teach006-0000-1111-2222-333333333333','major','2025-08-26 01:56:25','2025-08-26 01:56:25',NULL),('course12-0000-1111-2222-333333333333','Smart Home và Industrial IoT','Nghiên cứu ứng dụng IoT trong nhà thông minh và công nghiệp 4.0',NULL,'2025-09-08 00:00:00','2025-09-30 00:00:00','2025-08-22 00:00:00','2025-09-06 00:00:00','2025-10-12 00:00:00',1,2,'','teach006-0000-1111-2222-333333333333','foundation','2025-08-26 01:56:25','2025-08-26 01:56:25',NULL),('course13-0000-1111-2222-333333333333','Blockchain và Cryptocurrency','Hiểu về công nghệ blockchain, smart contracts và phát triển ứng dụng DeFi',NULL,'2025-09-10 00:00:00','2025-09-30 00:00:00','2025-08-24 00:00:00','2025-09-08 00:00:00','2025-10-14 00:00:00',1,3,'','teach007-0000-1111-2222-333333333333','major','2025-08-26 01:56:25','2025-08-26 01:56:25',NULL),('course14-0000-1111-2222-333333333333','Web3 và Decentralized Applications','Nghiên cứu và phát triển ứng dụng phi tập trung (DApps) trên nền tảng Ethereum',NULL,'2025-09-10 00:00:00','2025-09-30 00:00:00','2025-08-24 00:00:00','2025-09-08 00:00:00','2025-10-14 00:00:00',1,2,'','teach007-0000-1111-2222-333333333333','foundation','2025-08-26 01:56:25','2025-08-26 01:56:25',NULL),('course15-0000-1111-2222-333333333333','An ninh mạng và Ethical Hacking','Học các kỹ thuật bảo mật, kiểm tra thâm nhập và phòng chống tấn công mạng',NULL,'2025-09-12 00:00:00','2025-09-30 00:00:00','2025-08-26 00:00:00','2025-09-10 00:00:00','2025-10-16 00:00:00',1,3,'','teach008-0000-1111-2222-333333333333','major','2025-08-26 01:56:25','2025-08-26 01:56:25',NULL),('course16-0000-1111-2222-333333333333','Cryptography và Digital Forensics','Nghiên cứu mã hóa, chữ ký số và điều tra tội phạm mạng',NULL,'2025-09-12 00:00:00','2025-09-30 00:00:00','2025-08-26 00:00:00','2025-09-10 00:00:00','2025-10-16 00:00:00',1,2,'','teach008-0000-1111-2222-333333333333','foundation','2025-08-26 01:56:25','2025-08-26 01:56:25',NULL),('course17-0000-1111-2222-333333333333','Robotics và Automation','Thiết kế và lập trình robot tự động, học các thuật toán điều khiển và AI robotics',NULL,'2025-09-15 00:00:00','2025-09-30 00:00:00','2025-08-29 00:00:00','2025-09-13 00:00:00','2025-10-19 00:00:00',1,3,'','teach009-0000-1111-2222-333333333333','major','2025-08-26 01:56:25','2025-08-26 01:56:25',NULL),('course18-0000-1111-2222-333333333333','Computer Vision cho Robotics','Nghiên cứu thị giác máy tính và ứng dụng trong robot thông minh',NULL,'2025-09-15 00:00:00','2025-09-30 00:00:00','2025-08-29 00:00:00','2025-09-13 00:00:00','2025-10-19 00:00:00',1,2,'','teach009-0000-1111-2222-333333333333','foundation','2025-08-26 01:56:25','2025-08-26 01:56:25',NULL),('course19-0000-1111-2222-333333333333','Data Mining và Business Intelligence','Khai phá dữ liệu để hỗ trợ ra quyết định kinh doanh, xây dựng dashboard và báo cáo',NULL,'2025-09-18 00:00:00','2025-09-30 00:00:00','2025-09-01 00:00:00','2025-09-16 00:00:00','2025-10-22 00:00:00',1,4,'','teach010-0000-1111-2222-333333333333','major','2025-08-26 01:56:25','2025-08-26 01:56:25',NULL),('course20-0000-1111-2222-333333333333','Predictive Analytics và Forecasting','Nghiên cứu các mô hình dự đoán và phân tích xu hướng từ dữ liệu lịch sử',NULL,'2025-09-18 00:00:00','2025-09-30 00:00:00','2025-09-01 00:00:00','2025-09-16 00:00:00','2025-10-22 00:00:00',1,3,'','teach010-0000-1111-2222-333333333333','foundation','2025-08-26 01:56:25','2025-08-26 01:56:25',NULL);
/*!40000 ALTER TABLE `courses` ENABLE KEYS */;
UNLOCK TABLES;

--
-- Dumping data for table `notifications`
--

LOCK TABLES `notifications` WRITE;
/*!40000 ALTER TABLE `notifications` DISABLE KEYS */;
INSERT INTO `notifications` VALUES ('0832cf9d-1a87-4d9b-bf75-abbc5fc72fed','Approve Topic','Topic \"API Gateway cho hệ thống Banking\" is approved','teach001-0000-1111-2222-333333333333',NULL,'topic04-0000-1111-2222-333333333333',NULL,NULL,NULL,'/topics/topic04-0000-1111-2222-333333333333','APPROVE_TOPIC',0,'2025-08-27 03:53:55','2025-08-27 03:53:55',NULL),('199fec4d-9e8f-4fb6-a946-968812bcfd49','Approve Topic','Topic \"Web bán đồng hồ 123\" is approved','teach001-0000-1111-2222-333333333333',NULL,'topic01-0000-1111-2222-333333333333',NULL,NULL,NULL,'/topics/topic01-0000-1111-2222-333333333333','APPROVE_TOPIC',0,'2025-08-28 04:54:07','2025-08-28 04:54:07',NULL),('46d1cd5c-be58-47f0-83de-f354bf7f97c3','New Course Enrollment','Đinh Tấn Mãi joined \"Lập trình Web Full-stack với React & Node.js\"','teach001-0000-1111-2222-333333333333',NULL,NULL,'course01-0000-1111-2222-333333333333',NULL,NULL,'/courses/course01-0000-1111-2222-333333333333','JOIN_COURSE',0,'2025-08-28 04:52:23','2025-08-28 04:52:23',NULL),('51fe0374-9118-4c80-8fad-73c050d8f6c5','Approve Topic','Topic \"Dự án chấm điểm rèn luyện sinh viên\" is approved','9f13e977-a9f6-4b43-aa2b-1676ad6ab047',NULL,'88524fa4-46bc-4705-8a18-46d4a57f6e1f',NULL,NULL,NULL,'/topics/88524fa4-46bc-4705-8a18-46d4a57f6e1f','APPROVE_TOPIC',0,'2025-08-28 05:03:28','2025-08-28 05:03:28',NULL),('55521f53-8aa8-4035-8854-b3605dc35dec','Approve Topic','Topic \"Dự án chấm điểm rèn luyện sinh viên 123123\" is approved','9f13e977-a9f6-4b43-aa2b-1676ad6ab047',NULL,'88524fa4-46bc-4705-8a18-46d4a57f6e1f',NULL,NULL,NULL,'/topics/88524fa4-46bc-4705-8a18-46d4a57f6e1f','APPROVE_TOPIC',0,'2025-08-28 05:06:58','2025-08-28 05:06:58',NULL),('67424d69-9c89-4776-a65a-33007fd80d66','Approve Topic','Topic \"Web bán đồng hồ\" is approved','teach001-0000-1111-2222-333333333333',NULL,'topic01-0000-1111-2222-333333333333',NULL,NULL,NULL,'/topics/topic01-0000-1111-2222-333333333333','APPROVE_TOPIC',0,'2025-08-26 23:56:35','2025-08-26 23:56:35',NULL),('743a75a8-712b-40dc-ae45-ca2fef40ecc0','Approve Topic','Topic \"Web bán đồng hồ\" is approved','teach001-0000-1111-2222-333333333333',NULL,'topic01-0000-1111-2222-333333333333',NULL,NULL,NULL,'/topics/topic01-0000-1111-2222-333333333333','APPROVE_TOPIC',0,'2025-08-28 02:02:47','2025-08-28 02:02:47',NULL),('7f6efcc8-d8b5-4d49-b3ce-201e981021ed','Approve Topic','Topic \"Dự án chấm điểm rèn luyện sinh viên  123\" is approved','9f13e977-a9f6-4b43-aa2b-1676ad6ab047',NULL,'88524fa4-46bc-4705-8a18-46d4a57f6e1f',NULL,NULL,NULL,'/topics/88524fa4-46bc-4705-8a18-46d4a57f6e1f','APPROVE_TOPIC',0,'2025-08-28 05:16:42','2025-08-28 05:16:42',NULL),('805acc99-7389-4f90-ab3d-c02f69a49fe9','New Course Enrollment','Đinh Văn B joined \"Xây dựng API RESTful và Microservices\"','teach001-0000-1111-2222-333333333333',NULL,NULL,'course02-0000-1111-2222-333333333333',NULL,NULL,'/courses/course02-0000-1111-2222-333333333333','JOIN_COURSE',0,'2025-08-27 03:50:38','2025-08-27 03:50:38',NULL),('8f62f255-be5c-4642-a865-443192b5a267','Approve Topic','Topic \"Dự án chấm điểm rèn luyện sinh viên \" is approved','9f13e977-a9f6-4b43-aa2b-1676ad6ab047',NULL,'88524fa4-46bc-4705-8a18-46d4a57f6e1f',NULL,NULL,NULL,'/topics/88524fa4-46bc-4705-8a18-46d4a57f6e1f','APPROVE_TOPIC',0,'2025-08-28 05:19:46','2025-08-28 05:19:46',NULL),('ab973293-c25c-4b3b-a5bb-07f099e309f3','Approve Topic','Topic \"Dự án chấm điểm rèn luyện sinh viên\" is approved','9f13e977-a9f6-4b43-aa2b-1676ad6ab047',NULL,'88524fa4-46bc-4705-8a18-46d4a57f6e1f',NULL,NULL,NULL,'/topics/88524fa4-46bc-4705-8a18-46d4a57f6e1f','APPROVE_TOPIC',0,'2025-08-28 04:56:06','2025-08-28 04:56:06',NULL),('be1fba48-d7bf-4549-902d-56e53bb40ad7','New Course Enrollment','dtanmai joined \"Lập trình Web Full-stack với React & Node.js\"','teach001-0000-1111-2222-333333333333',NULL,NULL,'course01-0000-1111-2222-333333333333',NULL,NULL,'/courses/course01-0000-1111-2222-333333333333','JOIN_COURSE',0,'2025-08-26 23:50:04','2025-08-26 23:50:04',NULL),('c25677a9-017d-4f7d-ab6c-96dadd64f0ae','New Course Enrollment','Đinh Văn B joined \"Lập trình Web Full-stack với React & Node.js\"','teach001-0000-1111-2222-333333333333',NULL,NULL,'course01-0000-1111-2222-333333333333',NULL,NULL,'/courses/course01-0000-1111-2222-333333333333','JOIN_COURSE',0,'2025-08-27 03:50:50','2025-08-27 03:50:50',NULL),('c54cdf4f-e8a4-4df8-b34a-c3e1c0939dc2','Approve Topic','Topic \"Dự án chấm điểm rèn luyện sinh viên 123\" is approved','9f13e977-a9f6-4b43-aa2b-1676ad6ab047',NULL,'88524fa4-46bc-4705-8a18-46d4a57f6e1f',NULL,NULL,NULL,'/topics/88524fa4-46bc-4705-8a18-46d4a57f6e1f','APPROVE_TOPIC',0,'2025-08-28 05:04:40','2025-08-28 05:04:40',NULL),('d89fed2b-4f87-437f-ab43-c6f4e7d06612','Approve Topic','Topic \"Dự án chấm điểm rèn luyện sinh viên \" is approved','9f13e977-a9f6-4b43-aa2b-1676ad6ab047',NULL,'88524fa4-46bc-4705-8a18-46d4a57f6e1f',NULL,NULL,NULL,'/topics/88524fa4-46bc-4705-8a18-46d4a57f6e1f','APPROVE_TOPIC',0,'2025-08-28 05:11:01','2025-08-28 05:11:01',NULL),('da92363f-86e8-4e55-87bf-1294f13aaf57','Approve Topic','Topic \"Dự án chấm điểm rèn luyện sinh viên  123\" is approved','9f13e977-a9f6-4b43-aa2b-1676ad6ab047',NULL,'88524fa4-46bc-4705-8a18-46d4a57f6e1f',NULL,NULL,NULL,'/topics/88524fa4-46bc-4705-8a18-46d4a57f6e1f','APPROVE_TOPIC',0,'2025-08-28 05:19:06','2025-08-28 05:19:06',NULL),('f7943dd7-5de2-4ff2-9e23-1231f7747284','Register Topic','New topic \"Dự án chấm điểm rèn luyện sinh viên\"','teach001-0000-1111-2222-333333333333',NULL,'88524fa4-46bc-4705-8a18-46d4a57f6e1f',NULL,NULL,NULL,'/topics/88524fa4-46bc-4705-8a18-46d4a57f6e1f','REGISTER_TOPIC',1,'2025-08-28 04:54:53','2025-08-28 04:55:39',NULL);
/*!40000 ALTER TABLE `notifications` ENABLE KEYS */;
UNLOCK TABLES;

--
-- Dumping data for table `post_likes`
--

LOCK TABLES `post_likes` WRITE;
/*!40000 ALTER TABLE `post_likes` DISABLE KEYS */;
INSERT INTO `post_likes` VALUES ('32ef9f2d-81e5-11f0-85bb-e00af682e81e','72ec6491-d1c3-4321-9013-f913330cc9c3','post001-0000-1111-2222-333333333333','2025-08-26 01:56:25','2025-08-26 01:56:25'),('32efaddb-81e5-11f0-85bb-e00af682e81e','72ec6491-d1c3-4321-9013-f913330cc9c3','post002-0000-1111-2222-333333333333','2025-08-26 01:56:25','2025-08-26 01:56:25'),('32efaf99-81e5-11f0-85bb-e00af682e81e','72ec6491-d1c3-4321-9013-f913330cc9c3','post003-0000-1111-2222-333333333333','2025-08-26 01:56:25','2025-08-26 01:56:25'),('32efb093-81e5-11f0-85bb-e00af682e81e','72ec6491-d1c3-4321-9013-f913330cc9c3','post004-0000-1111-2222-333333333333','2025-08-26 01:56:25','2025-08-26 01:56:25'),('32efb257-81e5-11f0-85bb-e00af682e81e','72ec6491-d1c3-4321-9013-f913330cc9c3','post006-0000-1111-2222-333333333333','2025-08-26 01:56:25','2025-08-26 01:56:25'),('32efb32d-81e5-11f0-85bb-e00af682e81e','72ec6491-d1c3-4321-9013-f913330cc9c3','post007-0000-1111-2222-333333333333','2025-08-26 01:56:25','2025-08-26 01:56:25'),('32efb3fd-81e5-11f0-85bb-e00af682e81e','72ec6491-d1c3-4321-9013-f913330cc9c3','post008-0000-1111-2222-333333333333','2025-08-26 01:56:25','2025-08-26 01:56:25'),('32efb577-81e5-11f0-85bb-e00af682e81e','72ec6491-d1c3-4321-9013-f913330cc9c3','post009-0000-1111-2222-333333333333','2025-08-26 01:56:25','2025-08-26 01:56:25'),('32efb679-81e5-11f0-85bb-e00af682e81e','72ec6491-d1c3-4321-9013-f913330cc9c3','post010-0000-1111-2222-333333333333','2025-08-26 01:56:25','2025-08-26 01:56:25'),('32efb764-81e5-11f0-85bb-e00af682e81e','teach001-0000-1111-2222-333333333333','post001-0000-1111-2222-333333333333','2025-08-26 01:56:25','2025-08-26 01:56:25'),('32efb83d-81e5-11f0-85bb-e00af682e81e','teach001-0000-1111-2222-333333333333','post002-0000-1111-2222-333333333333','2025-08-26 01:56:25','2025-08-26 01:56:25'),('32efb914-81e5-11f0-85bb-e00af682e81e','teach001-0000-1111-2222-333333333333','post003-0000-1111-2222-333333333333','2025-08-26 01:56:25','2025-08-26 01:56:25'),('32efb9ee-81e5-11f0-85bb-e00af682e81e','teach001-0000-1111-2222-333333333333','post004-0000-1111-2222-333333333333','2025-08-26 01:56:25','2025-08-26 01:56:25'),('32efbb97-81e5-11f0-85bb-e00af682e81e','teach001-0000-1111-2222-333333333333','post006-0000-1111-2222-333333333333','2025-08-26 01:56:25','2025-08-26 01:56:25'),('32efbc69-81e5-11f0-85bb-e00af682e81e','teach001-0000-1111-2222-333333333333','post007-0000-1111-2222-333333333333','2025-08-26 01:56:25','2025-08-26 01:56:25'),('32efbd47-81e5-11f0-85bb-e00af682e81e','teach001-0000-1111-2222-333333333333','post008-0000-1111-2222-333333333333','2025-08-26 01:56:25','2025-08-26 01:56:25'),('32efbe1f-81e5-11f0-85bb-e00af682e81e','teach001-0000-1111-2222-333333333333','post009-0000-1111-2222-333333333333','2025-08-26 01:56:25','2025-08-26 01:56:25'),('32efbefd-81e5-11f0-85bb-e00af682e81e','teach001-0000-1111-2222-333333333333','post010-0000-1111-2222-333333333333','2025-08-26 01:56:25','2025-08-26 01:56:25'),('32efbfdd-81e5-11f0-85bb-e00af682e81e','teach002-0000-1111-2222-333333333333','post001-0000-1111-2222-333333333333','2025-08-26 01:56:25','2025-08-26 01:56:25'),('32efc0b6-81e5-11f0-85bb-e00af682e81e','teach002-0000-1111-2222-333333333333','post002-0000-1111-2222-333333333333','2025-08-26 01:56:25','2025-08-26 01:56:25'),('32efc213-81e5-11f0-85bb-e00af682e81e','teach002-0000-1111-2222-333333333333','post003-0000-1111-2222-333333333333','2025-08-26 01:56:25','2025-08-26 01:56:25'),('32efc360-81e5-11f0-85bb-e00af682e81e','teach002-0000-1111-2222-333333333333','post004-0000-1111-2222-333333333333','2025-08-26 01:56:25','2025-08-26 01:56:25'),('32efc5b8-81e5-11f0-85bb-e00af682e81e','teach002-0000-1111-2222-333333333333','post006-0000-1111-2222-333333333333','2025-08-26 01:56:25','2025-08-26 01:56:25'),('32efc6b6-81e5-11f0-85bb-e00af682e81e','teach002-0000-1111-2222-333333333333','post007-0000-1111-2222-333333333333','2025-08-26 01:56:25','2025-08-26 01:56:25'),('32efc796-81e5-11f0-85bb-e00af682e81e','teach002-0000-1111-2222-333333333333','post008-0000-1111-2222-333333333333','2025-08-26 01:56:25','2025-08-26 01:56:25'),('32efc876-81e5-11f0-85bb-e00af682e81e','teach002-0000-1111-2222-333333333333','post009-0000-1111-2222-333333333333','2025-08-26 01:56:25','2025-08-26 01:56:25'),('32efc955-81e5-11f0-85bb-e00af682e81e','teach002-0000-1111-2222-333333333333','post010-0000-1111-2222-333333333333','2025-08-26 01:56:25','2025-08-26 01:56:25'),('32efca3c-81e5-11f0-85bb-e00af682e81e','teach003-0000-1111-2222-333333333333','post001-0000-1111-2222-333333333333','2025-08-26 01:56:25','2025-08-26 01:56:25'),('32efcb23-81e5-11f0-85bb-e00af682e81e','teach003-0000-1111-2222-333333333333','post002-0000-1111-2222-333333333333','2025-08-26 01:56:25','2025-08-26 01:56:25'),('32efcc1b-81e5-11f0-85bb-e00af682e81e','teach003-0000-1111-2222-333333333333','post003-0000-1111-2222-333333333333','2025-08-26 01:56:25','2025-08-26 01:56:25'),('32efcd0e-81e5-11f0-85bb-e00af682e81e','teach003-0000-1111-2222-333333333333','post004-0000-1111-2222-333333333333','2025-08-26 01:56:25','2025-08-26 01:56:25'),('32efcfbb-81e5-11f0-85bb-e00af682e81e','teach003-0000-1111-2222-333333333333','post006-0000-1111-2222-333333333333','2025-08-26 01:56:25','2025-08-26 01:56:25'),('32efd0a8-81e5-11f0-85bb-e00af682e81e','teach003-0000-1111-2222-333333333333','post007-0000-1111-2222-333333333333','2025-08-26 01:56:25','2025-08-26 01:56:25'),('32efd18f-81e5-11f0-85bb-e00af682e81e','teach003-0000-1111-2222-333333333333','post008-0000-1111-2222-333333333333','2025-08-26 01:56:25','2025-08-26 01:56:25'),('32efd281-81e5-11f0-85bb-e00af682e81e','teach003-0000-1111-2222-333333333333','post009-0000-1111-2222-333333333333','2025-08-26 01:56:25','2025-08-26 01:56:25'),('32efd373-81e5-11f0-85bb-e00af682e81e','teach003-0000-1111-2222-333333333333','post010-0000-1111-2222-333333333333','2025-08-26 01:56:25','2025-08-26 01:56:25'),('32efd463-81e5-11f0-85bb-e00af682e81e','teach004-0000-1111-2222-333333333333','post001-0000-1111-2222-333333333333','2025-08-26 01:56:25','2025-08-26 01:56:25'),('32efd53e-81e5-11f0-85bb-e00af682e81e','teach004-0000-1111-2222-333333333333','post002-0000-1111-2222-333333333333','2025-08-26 01:56:25','2025-08-26 01:56:25'),('32efd61c-81e5-11f0-85bb-e00af682e81e','teach004-0000-1111-2222-333333333333','post003-0000-1111-2222-333333333333','2025-08-26 01:56:25','2025-08-26 01:56:25'),('32efd708-81e5-11f0-85bb-e00af682e81e','teach004-0000-1111-2222-333333333333','post004-0000-1111-2222-333333333333','2025-08-26 01:56:25','2025-08-26 01:56:25'),('32efd8dd-81e5-11f0-85bb-e00af682e81e','teach004-0000-1111-2222-333333333333','post006-0000-1111-2222-333333333333','2025-08-26 01:56:25','2025-08-26 01:56:25'),('32efd9c1-81e5-11f0-85bb-e00af682e81e','teach004-0000-1111-2222-333333333333','post007-0000-1111-2222-333333333333','2025-08-26 01:56:25','2025-08-26 01:56:25'),('32efdaa2-81e5-11f0-85bb-e00af682e81e','teach004-0000-1111-2222-333333333333','post008-0000-1111-2222-333333333333','2025-08-26 01:56:25','2025-08-26 01:56:25'),('32efdb82-81e5-11f0-85bb-e00af682e81e','teach004-0000-1111-2222-333333333333','post009-0000-1111-2222-333333333333','2025-08-26 01:56:25','2025-08-26 01:56:25'),('32efdc5e-81e5-11f0-85bb-e00af682e81e','teach004-0000-1111-2222-333333333333','post010-0000-1111-2222-333333333333','2025-08-26 01:56:25','2025-08-26 01:56:25'),('32efdd40-81e5-11f0-85bb-e00af682e81e','teach005-0000-1111-2222-333333333333','post001-0000-1111-2222-333333333333','2025-08-26 01:56:25','2025-08-26 01:56:25'),('32efde2d-81e5-11f0-85bb-e00af682e81e','teach005-0000-1111-2222-333333333333','post002-0000-1111-2222-333333333333','2025-08-26 01:56:25','2025-08-26 01:56:25'),('32efdf0e-81e5-11f0-85bb-e00af682e81e','teach005-0000-1111-2222-333333333333','post003-0000-1111-2222-333333333333','2025-08-26 01:56:25','2025-08-26 01:56:25'),('32efdfec-81e5-11f0-85bb-e00af682e81e','teach005-0000-1111-2222-333333333333','post004-0000-1111-2222-333333333333','2025-08-26 01:56:25','2025-08-26 01:56:25'),('32efe1a3-81e5-11f0-85bb-e00af682e81e','teach005-0000-1111-2222-333333333333','post007-0000-1111-2222-333333333333','2025-08-26 01:56:25','2025-08-26 01:56:25'),('32efe292-81e5-11f0-85bb-e00af682e81e','teach005-0000-1111-2222-333333333333','post008-0000-1111-2222-333333333333','2025-08-26 01:56:25','2025-08-26 01:56:25'),('32efe379-81e5-11f0-85bb-e00af682e81e','teach005-0000-1111-2222-333333333333','post009-0000-1111-2222-333333333333','2025-08-26 01:56:25','2025-08-26 01:56:25'),('32efe466-81e5-11f0-85bb-e00af682e81e','teach005-0000-1111-2222-333333333333','post010-0000-1111-2222-333333333333','2025-08-26 01:56:25','2025-08-26 01:56:25'),('32efe54f-81e5-11f0-85bb-e00af682e81e','teach006-0000-1111-2222-333333333333','post001-0000-1111-2222-333333333333','2025-08-26 01:56:25','2025-08-26 01:56:25'),('32efe637-81e5-11f0-85bb-e00af682e81e','teach006-0000-1111-2222-333333333333','post002-0000-1111-2222-333333333333','2025-08-26 01:56:25','2025-08-26 01:56:25'),('32efe725-81e5-11f0-85bb-e00af682e81e','teach006-0000-1111-2222-333333333333','post003-0000-1111-2222-333333333333','2025-08-26 01:56:25','2025-08-26 01:56:25'),('32efe817-81e5-11f0-85bb-e00af682e81e','teach006-0000-1111-2222-333333333333','post004-0000-1111-2222-333333333333','2025-08-26 01:56:25','2025-08-26 01:56:25'),('32efea02-81e5-11f0-85bb-e00af682e81e','teach006-0000-1111-2222-333333333333','post006-0000-1111-2222-333333333333','2025-08-26 01:56:25','2025-08-26 01:56:25'),('32efeb75-81e5-11f0-85bb-e00af682e81e','teach006-0000-1111-2222-333333333333','post007-0000-1111-2222-333333333333','2025-08-26 01:56:25','2025-08-26 01:56:25'),('32efed1f-81e5-11f0-85bb-e00af682e81e','teach006-0000-1111-2222-333333333333','post008-0000-1111-2222-333333333333','2025-08-26 01:56:25','2025-08-26 01:56:25'),('32efeea3-81e5-11f0-85bb-e00af682e81e','teach006-0000-1111-2222-333333333333','post009-0000-1111-2222-333333333333','2025-08-26 01:56:25','2025-08-26 01:56:25'),('32efefa5-81e5-11f0-85bb-e00af682e81e','teach006-0000-1111-2222-333333333333','post010-0000-1111-2222-333333333333','2025-08-26 01:56:25','2025-08-26 01:56:25'),('32eff103-81e5-11f0-85bb-e00af682e81e','teach007-0000-1111-2222-333333333333','post001-0000-1111-2222-333333333333','2025-08-26 01:56:25','2025-08-26 01:56:25'),('32eff1f9-81e5-11f0-85bb-e00af682e81e','teach007-0000-1111-2222-333333333333','post002-0000-1111-2222-333333333333','2025-08-26 01:56:25','2025-08-26 01:56:25'),('32eff2da-81e5-11f0-85bb-e00af682e81e','teach007-0000-1111-2222-333333333333','post003-0000-1111-2222-333333333333','2025-08-26 01:56:25','2025-08-26 01:56:25'),('32eff3bd-81e5-11f0-85bb-e00af682e81e','teach007-0000-1111-2222-333333333333','post004-0000-1111-2222-333333333333','2025-08-26 01:56:25','2025-08-26 01:56:25'),('32eff606-81e5-11f0-85bb-e00af682e81e','teach007-0000-1111-2222-333333333333','post006-0000-1111-2222-333333333333','2025-08-26 01:56:25','2025-08-26 01:56:25'),('32eff6e7-81e5-11f0-85bb-e00af682e81e','teach007-0000-1111-2222-333333333333','post007-0000-1111-2222-333333333333','2025-08-26 01:56:25','2025-08-26 01:56:25'),('32eff7cb-81e5-11f0-85bb-e00af682e81e','teach007-0000-1111-2222-333333333333','post009-0000-1111-2222-333333333333','2025-08-26 01:56:25','2025-08-26 01:56:25'),('32eff8c7-81e5-11f0-85bb-e00af682e81e','teach007-0000-1111-2222-333333333333','post010-0000-1111-2222-333333333333','2025-08-26 01:56:25','2025-08-26 01:56:25'),('32eff9b7-81e5-11f0-85bb-e00af682e81e','teach008-0000-1111-2222-333333333333','post001-0000-1111-2222-333333333333','2025-08-26 01:56:25','2025-08-26 01:56:25'),('32effa95-81e5-11f0-85bb-e00af682e81e','teach008-0000-1111-2222-333333333333','post002-0000-1111-2222-333333333333','2025-08-26 01:56:25','2025-08-26 01:56:25'),('32effb7e-81e5-11f0-85bb-e00af682e81e','teach008-0000-1111-2222-333333333333','post003-0000-1111-2222-333333333333','2025-08-26 01:56:25','2025-08-26 01:56:25'),('32effc63-81e5-11f0-85bb-e00af682e81e','teach008-0000-1111-2222-333333333333','post004-0000-1111-2222-333333333333','2025-08-26 01:56:25','2025-08-26 01:56:25'),('32effe2e-81e5-11f0-85bb-e00af682e81e','teach008-0000-1111-2222-333333333333','post006-0000-1111-2222-333333333333','2025-08-26 01:56:25','2025-08-26 01:56:25'),('32efff0e-81e5-11f0-85bb-e00af682e81e','teach008-0000-1111-2222-333333333333','post008-0000-1111-2222-333333333333','2025-08-26 01:56:25','2025-08-26 01:56:25'),('32f00023-81e5-11f0-85bb-e00af682e81e','teach008-0000-1111-2222-333333333333','post009-0000-1111-2222-333333333333','2025-08-26 01:56:25','2025-08-26 01:56:25'),('32f0010e-81e5-11f0-85bb-e00af682e81e','teach008-0000-1111-2222-333333333333','post010-0000-1111-2222-333333333333','2025-08-26 01:56:25','2025-08-26 01:56:25'),('32f00201-81e5-11f0-85bb-e00af682e81e','teach009-0000-1111-2222-333333333333','post001-0000-1111-2222-333333333333','2025-08-26 01:56:25','2025-08-26 01:56:25'),('32f002e9-81e5-11f0-85bb-e00af682e81e','teach009-0000-1111-2222-333333333333','post002-0000-1111-2222-333333333333','2025-08-26 01:56:25','2025-08-26 01:56:25'),('32f004bd-81e5-11f0-85bb-e00af682e81e','teach009-0000-1111-2222-333333333333','post006-0000-1111-2222-333333333333','2025-08-26 01:56:25','2025-08-26 01:56:25'),('32f005ad-81e5-11f0-85bb-e00af682e81e','teach009-0000-1111-2222-333333333333','post007-0000-1111-2222-333333333333','2025-08-26 01:56:25','2025-08-26 01:56:25'),('32f00696-81e5-11f0-85bb-e00af682e81e','teach009-0000-1111-2222-333333333333','post008-0000-1111-2222-333333333333','2025-08-26 01:56:25','2025-08-26 01:56:25'),('32f007fb-81e5-11f0-85bb-e00af682e81e','teach009-0000-1111-2222-333333333333','post009-0000-1111-2222-333333333333','2025-08-26 01:56:25','2025-08-26 01:56:25'),('32f008fa-81e5-11f0-85bb-e00af682e81e','teach009-0000-1111-2222-333333333333','post010-0000-1111-2222-333333333333','2025-08-26 01:56:25','2025-08-26 01:56:25'),('32f009e8-81e5-11f0-85bb-e00af682e81e','teach010-0000-1111-2222-333333333333','post001-0000-1111-2222-333333333333','2025-08-26 01:56:25','2025-08-26 01:56:25'),('32f00ad4-81e5-11f0-85bb-e00af682e81e','teach010-0000-1111-2222-333333333333','post002-0000-1111-2222-333333333333','2025-08-26 01:56:25','2025-08-26 01:56:25'),('32f00bbc-81e5-11f0-85bb-e00af682e81e','teach010-0000-1111-2222-333333333333','post003-0000-1111-2222-333333333333','2025-08-26 01:56:25','2025-08-26 01:56:25'),('32f00ca8-81e5-11f0-85bb-e00af682e81e','teach010-0000-1111-2222-333333333333','post004-0000-1111-2222-333333333333','2025-08-26 01:56:25','2025-08-26 01:56:25'),('32f00e7f-81e5-11f0-85bb-e00af682e81e','teach010-0000-1111-2222-333333333333','post006-0000-1111-2222-333333333333','2025-08-26 01:56:25','2025-08-26 01:56:25'),('32f00f61-81e5-11f0-85bb-e00af682e81e','teach010-0000-1111-2222-333333333333','post007-0000-1111-2222-333333333333','2025-08-26 01:56:25','2025-08-26 01:56:25'),('32f01057-81e5-11f0-85bb-e00af682e81e','teach010-0000-1111-2222-333333333333','post008-0000-1111-2222-333333333333','2025-08-26 01:56:25','2025-08-26 01:56:25'),('32f0113f-81e5-11f0-85bb-e00af682e81e','teach010-0000-1111-2222-333333333333','post009-0000-1111-2222-333333333333','2025-08-26 01:56:25','2025-08-26 01:56:25'),('32f01224-81e5-11f0-85bb-e00af682e81e','teach010-0000-1111-2222-333333333333','post010-0000-1111-2222-333333333333','2025-08-26 01:56:25','2025-08-26 01:56:25');
/*!40000 ALTER TABLE `post_likes` ENABLE KEYS */;
UNLOCK TABLES;

--
-- Dumping data for table `post_tags`
--

LOCK TABLES `post_tags` WRITE;
/*!40000 ALTER TABLE `post_tags` DISABLE KEYS */;
INSERT INTO `post_tags` VALUES ('4694f5fc-81e7-11f0-85bb-e00af682e81e','tag-web1-0000-1111-222222222222','post001-0000-1111-2222-333333333333','2025-08-26 02:11:17','2025-08-26 02:11:17',NULL),('46950240-81e7-11f0-85bb-e00af682e81e','tag-js01-0000-1111-222222222222','post001-0000-1111-2222-333333333333','2025-08-26 02:11:17','2025-08-26 02:11:17',NULL),('469503e4-81e7-11f0-85bb-e00af682e81e','tag-js01-0000-1111-222222222222','post002-0000-1111-2222-333333333333','2025-08-26 02:11:17','2025-08-26 02:11:17',NULL),('4695046c-81e7-11f0-85bb-e00af682e81e','tag-web1-0000-1111-222222222222','post002-0000-1111-2222-333333333333','2025-08-26 02:11:17','2025-08-26 02:11:17',NULL),('469504de-81e7-11f0-85bb-e00af682e81e','tag-reac-0000-1111-222222222222','post004-0000-1111-2222-333333333333','2025-08-26 02:11:17','2025-08-26 02:11:17',NULL),('46950556-81e7-11f0-85bb-e00af682e81e','tag-js01-0000-1111-222222222222','post004-0000-1111-2222-333333333333','2025-08-26 02:11:17','2025-08-26 02:11:17',NULL),('46950601-81e7-11f0-85bb-e00af682e81e','tag-web1-0000-1111-222222222222','post004-0000-1111-2222-333333333333','2025-08-26 02:11:17','2025-08-26 02:11:17',NULL),('4695098b-81e7-11f0-85bb-e00af682e81e','tag-pyth-0000-1111-222222222222','post006-0000-1111-2222-333333333333','2025-08-26 02:11:17','2025-08-26 02:11:17',NULL),('46950a37-81e7-11f0-85bb-e00af682e81e','tag-pyth-0000-1111-222222222222','post008-0000-1111-2222-333333333333','2025-08-26 02:11:17','2025-08-26 02:11:17',NULL),('46950aeb-81e7-11f0-85bb-e00af682e81e','tag-db01-0000-1111-222222222222','post008-0000-1111-2222-333333333333','2025-08-26 02:11:17','2025-08-26 02:11:17',NULL),('46950b9a-81e7-11f0-85bb-e00af682e81e','tag-pyth-0000-1111-222222222222','post009-0000-1111-2222-333333333333','2025-08-26 02:11:17','2025-08-26 02:11:17',NULL),('46950c4e-81e7-11f0-85bb-e00af682e81e','tag-ml01-0000-1111-222222222222','post010-0000-1111-2222-333333333333','2025-08-26 02:11:17','2025-08-26 02:11:17',NULL),('46950cfc-81e7-11f0-85bb-e00af682e81e','tag-pyth-0000-1111-222222222222','post010-0000-1111-2222-333333333333','2025-08-26 02:11:17','2025-08-26 02:11:17',NULL);
/*!40000 ALTER TABLE `post_tags` ENABLE KEYS */;
UNLOCK TABLES;

--
-- Dumping data for table `posts`
--

LOCK TABLES `posts` WRITE;
/*!40000 ALTER TABLE `posts` DISABLE KEYS */;
INSERT INTO `posts` VALUES ('post001-0000-1111-2222-333333333333','Chào mừng đến với nền tảng CodeFlow','CodeFlow là nền tảng học tập trực tuyến hiện đại, được thiết kế để hỗ trợ sinh viên và giảng viên trong quá trình giảng dạy và học tập. Với giao diện thân thiện và các tính năng tiên tiến, CodeFlow mang đến trải nghiệm học tập tuyệt vời.<br><br><strong>Các tính năng nổi bật:</strong><br>- Quản lý khóa học trực tuyến<br>- Hệ thống phân tích code tự động<br>- Theo dõi tiến độ học tập<br>- Tương tác giữa giảng viên và sinh viên<br>- Báo cáo chi tiết về kết quả học tập<br><br>Hãy khám phá và trải nghiệm những tính năng tuyệt vời mà CodeFlow mang lại!',1,'72ec6491-d1c3-4321-9013-f913330cc9c3',NULL,'2025-08-26 01:56:25','2025-08-26 01:56:25',NULL),('post002-0000-1111-2222-333333333333','Hướng dẫn sử dụng hệ thống quản lý khóa học','Để tối ưu hóa trải nghiệm sử dụng CodeFlow, chúng tôi xin chia sẻ hướng dẫn chi tiết về cách sử dụng hệ thống quản lý khóa học.<br><br><strong>Đối với Giảng viên:</strong><br>1. Tạo khóa học mới từ dashboard<br>2. Thiết lập thông tin cơ bản: tên khóa học, mô tả, thời gian<br>3. Thêm tags phù hợp để sinh viên dễ tìm kiếm<br>4. Quản lý danh sách sinh viên đăng ký<br>5. Theo dõi tiến độ và kết quả học tập<br><br><strong>Đối với Sinh viên:</strong><br>1. Duyệt danh sách khóa học có sẵn<br>2. Đăng ký khóa học trong thời gian quy định<br>3. Tham gia các hoạt động học tập<br>4. Nộp bài tập và dự án<br>5. Theo dõi điểm số và feedback<br><br>Chúc các bạn có những trải nghiệm tuyệt vời!',1,'72ec6491-d1c3-4321-9013-f913330cc9c3',NULL,'2025-08-26 01:56:25','2025-08-26 01:56:25',NULL),('post003-0000-1111-2222-333333333333','Cập nhật tính năng mới: Phân tích code tự động','CodeFlow vừa ra mắt tính năng phân tích code tự động - một công cụ mạnh mẽ giúp cải thiện chất lượng code của sinh viên.<br><br><strong>Các chỉ số được phân tích:</strong><br>- <strong>Code Quality</strong>: Đánh giá chất lượng code dựa trên các tiêu chuẩn ngành<br>- <strong>Security</strong>: Phát hiện các lỗ hổng bảo mật tiềm ẩn<br>- <strong>Performance</strong>: Đo lường hiệu suất và tối ưu hóa<br>- <strong>Maintainability</strong>: Đánh giá khả năng bảo trì code<br>- <strong>Documentation</strong>: Kiểm tra tính đầy đủ của tài liệu<br><br><strong>Lợi ích:</strong><br>✅ Phát hiện lỗi sớm trong quá trình phát triển<br>✅ Cải thiện kỹ năng lập trình<br>✅ Học các best practices<br>✅ Tăng hiệu quả làm việc nhóm<br><br>Hãy trải nghiệm tính năng mới này trong các khóa học của bạn!',1,'72ec6491-d1c3-4321-9013-f913330cc9c3',NULL,'2025-08-26 01:56:25','2025-08-26 01:56:25',NULL),('post004-0000-1111-2222-333333333333','Xu hướng phát triển Web Full-stack 2025','Năm 2025 đánh dấu những bước tiến vượt bậc trong lĩnh vực phát triển web. Là một giảng viên CNTT, tôi muốn chia sẻ những xu hướng quan trọng mà các bạn sinh viên cần nắm bắt.<br><br><strong>Frontend Trends:</strong><br>- <strong>React 19</strong>: Với Server Components và improved hydration<br>- <strong>Next.js 15</strong>: App Router và enhanced performance<br>- <strong>TypeScript</strong>: Ngày càng trở thành standard<br>- <strong>Tailwind CSS</strong>: Utility-first approach<br><br><strong>Backend Trends:</strong><br>- <strong>Node.js</strong>: Vẫn là lựa chọn hàng đầu<br>- <strong>Microservices</strong>: Kiến trúc phổ biến cho ứng dụng lớn<br>- <strong>GraphQL</strong>: API query language hiệu quả<br>- <strong>Serverless</strong>: AWS Lambda, Vercel Functions<br><br>Hãy tham gia khóa học \"Lập trình Web Full-stack với React & Node.js\" để nắm vững những công nghệ này!',1,'teach001-0000-1111-2222-333333333333',NULL,'2025-08-26 01:56:25','2025-08-26 01:56:25',NULL),('post006-0000-1111-2222-333333333333','Docker và Containerization: Tại sao mọi developer cần biết?','Container technology đã thay đổi cách chúng ta phát triển, deploy và quản lý ứng dụng. Hôm nay tôi sẽ giải thích tại sao Docker lại quan trọng.<br><br><strong>Vấn đề truyền thống:</strong><br>- \"It works on my machine\" syndrome<br>- Khó khăn trong việc setup môi trường<br>- Inconsistency giữa development và production<br>- Dependency conflicts<br><br><strong>Docker giải quyết như thế nào:</strong><br><br><strong>1. Consistency:</strong> Đảm bảo môi trường giống nhau ở mọi nơi<br><strong>2. Isolation:</strong> Mỗi container có môi trường riêng<br><strong>3. Portability:</strong> Chạy anywhere Docker có thể chạy<br><strong>4. Scalability:</strong> Dễ dàng scale up/down<br><br><strong>Lợi ích cho developers:</strong><br>✅ Setup môi trường nhanh chóng<br>✅ Consistent development environment<br>✅ Easy deployment<br>✅ Better resource utilization<br>✅ Microservices architecture support<br><br>Docker không chỉ là trend mà đã trở thành necessity trong modern software development!',1,'teach001-0000-1111-2222-333333333333',NULL,'2025-08-26 01:56:25','2025-08-26 01:56:25',NULL),('post007-0000-1111-2222-333333333333','Trí tuệ nhân tạo trong giáo dục: Cơ hội và thách thức','AI đang revolutionize nhiều ngành nghề, và giáo dục không phải ngoại lệ. Với vai trò giảng viên AI, tôi muốn chia sẻ góc nhìn về việc ứng dụng AI trong giáo dục.<br><br><strong>Cơ hội từ AI:</strong><br><br><strong>1. Personalized Learning:</strong><br>- Adaptive learning systems<br>- Customized learning paths<br>- Real-time difficulty adjustment<br>- Individual progress tracking<br><br><strong>2. Automated Assessment:</strong><br>- Auto-grading systems<br>- Plagiarism detection<br>- Code review automation<br>- Instant feedback<br><br><strong>3. Intelligent Tutoring:</strong><br>- 24/7 virtual assistants<br>- Natural language Q&A<br>- Concept explanation<br>- Problem-solving guidance<br><br><strong>Thách thức cần giải quyết:</strong><br><br><strong>1. Technical Challenges:</strong><br>- Data quality và privacy<br>- Algorithm bias<br>- Model interpretability<br>- Integration complexity<br><br>AI là công cụ mạnh mẽ nhưng cần được sử dụng một cách thông minh và có trách nhiệm trong giáo dục.',1,'teach002-0000-1111-2222-333333333333',NULL,'2025-08-26 01:56:25','2025-08-26 01:56:25',NULL),('post008-0000-1111-2222-333333333333','Machine Learning cho người mới bắt đầu: Roadmap học tập','Nhiều bạn sinh viên hỏi tôi nên bắt đầu học Machine Learning như thế nào. Đây là roadmap chi tiết dựa trên kinh nghiệm giảng dạy của tôi.<br><br><strong>Phase 1: Foundation (2-3 tháng)</strong><br><br><strong>Mathematics:</strong><br>- Linear Algebra: Vectors, matrices, eigenvalues<br>- Statistics: Probability, distributions, hypothesis testing<br>- Calculus: Derivatives, gradients, optimization<br><br><strong>Programming:</strong><br>- Python basics<br>- NumPy, Pandas<br>- Matplotlib, Seaborn<br><br><strong>Phase 2: Core ML (3-4 tháng)</strong><br><br><strong>Supervised Learning:</strong><br>- Linear/Logistic Regression<br>- Decision Trees<br>- Random Forest<br>- SVM<br>- Neural Networks<br><br><strong>Unsupervised Learning:</strong><br>- K-Means Clustering<br>- Hierarchical Clustering<br>- PCA<br>- Association Rules<br><br><strong>Phase 3: Advanced Topics (4-6 tháng)</strong><br><br><strong>Deep Learning:</strong><br>- Neural Networks architecture<br>- CNN for Computer Vision<br>- RNN/LSTM for sequences<br>- Transfer Learning<br><br>Hãy tham gia khóa học của tôi để có hướng dẫn chi tiết hơn!',1,'teach002-0000-1111-2222-333333333333',NULL,'2025-08-26 01:56:25','2025-08-26 01:56:25',NULL),('post009-0000-1111-2222-333333333333','Natural Language Processing: Từ lý thuyết đến thực hành','NLP là một trong những lĩnh vực thú vị nhất của AI. Hôm nay tôi sẽ chia sẻ journey từ basic đến advanced trong NLP.<br><br><strong>NLP Pipeline cơ bản:</strong><br><br><strong>1. Text Preprocessing:</strong><br>- Tokenization<br>- Remove stopwords<br>- Stemming/Lemmatization<br>- Normalization<br><br><strong>2. Feature Extraction:</strong><br>- Bag of Words (BoW)<br>- TF-IDF<br>- Word Embeddings (Word2Vec, GloVe)<br>- BERT embeddings<br><br><strong>3. Model Building:</strong><br>- Traditional: Naive Bayes, SVM<br>- Deep Learning: RNN, LSTM, Transformer<br><br><strong>Ứng dụng thực tế:</strong><br><br><strong>Sentiment Analysis:</strong><br>- Social media monitoring<br>- Product review analysis<br>- Customer feedback processing<br><br><strong>Text Classification:</strong><br>- Spam detection<br>- News categorization<br>- Document classification<br><br><strong>Information Extraction:</strong><br>- Named Entity Recognition (NER)<br>- Relation extraction<br>- Knowledge graph construction<br><br>NLP đang phát triển rất nhanh với các breakthrough như GPT, BERT. Đây là thời điểm tuyệt vời để bắt đầu!',1,'teach002-0000-1111-2222-333333333333',NULL,'2025-08-26 01:56:25','2025-08-26 01:56:25',NULL),('post010-0000-1111-2222-333333333333','Deep Learning vs Traditional Machine Learning: Khi nào dùng gì?','Một câu hỏi tôi thường nhận được: \"Khi nào nên dùng Deep Learning và khi nào nên dùng Traditional ML?\" Hôm nay tôi sẽ giải đáp chi tiết.<br><br><strong>Traditional Machine Learning:</strong><br><br><strong>Ưu điểm:</strong><br>✅ Faster training time<br>✅ Less data required<br>✅ More interpretable<br>✅ Lower computational cost<br>✅ Easier to debug<br><br><strong>Nhược điểm:</strong><br>❌ Manual feature engineering<br>❌ Limited complexity handling<br>❌ Performance plateau<br><br><strong>Khi nào sử dụng:</strong><br>- Small to medium datasets (<100K samples)<br>- Tabular data<br>- Need interpretability<br>- Limited computational resources<br>- Simple patterns<br><br><strong>Deep Learning:</strong><br><br><strong>Ưu điểm:</strong><br>✅ Automatic feature extraction<br>✅ Handle complex patterns<br>✅ State-of-the-art performance<br>✅ End-to-end learning<br><br><strong>Nhược điểm:</strong><br>❌ Requires large datasets<br>❌ Computationally expensive<br>❌ Black box (less interpretable)<br>❌ Hyperparameter sensitive<br><br><strong>Decision Framework:</strong><br><br>1. <strong>Data size?</strong> Small → Traditional ML<br>2. <strong>Data type?</strong> Tabular → Traditional ML, Images/Text → DL<br>3. <strong>Interpretability needed?</strong> Yes → Traditional ML<br>4. <strong>Performance critical?</strong> Yes + Large data → Deep Learning<br><br>Không có silver bullet. Lựa chọn phụ thuộc vào context cụ thể của problem bạn đang giải quyết!',1,'teach002-0000-1111-2222-333333333333',NULL,'2025-08-26 01:56:25','2025-08-26 01:56:25',NULL);
/*!40000 ALTER TABLE `posts` ENABLE KEYS */;
UNLOCK TABLES;

--
-- Dumping data for table `pull_requests`
--

LOCK TABLES `pull_requests` WRITE;
/*!40000 ALTER TABLE `pull_requests` DISABLE KEYS */;
INSERT INTO `pull_requests` VALUES ('0d8860a7-4d96-4966-b752-2c75e45570cb','ec32179c-b54e-4d45-ac56-54c63038f258',4,'Fix box-shadow property in style.css','','ff25f381-32db-431b-bfa9-c3b8e242003d','dtanmai-patch-3','master',1,1,1,'open',NULL,NULL,'2025-08-27 01:45:21','2025-08-27 01:45:21',NULL),('b2375f8a-5812-438c-9882-8a1500b2b11b','ec32179c-b54e-4d45-ac56-54c63038f258',3,'Update welcome message in index.html','','ff25f381-32db-431b-bfa9-c3b8e242003d','dtanmai-patch-2','master',1,1,1,'closed','2025-08-27 01:42:37','2025-08-27 01:42:37','2025-08-27 01:42:38','2025-08-27 01:42:38',NULL);
/*!40000 ALTER TABLE `pull_requests` ENABLE KEYS */;
UNLOCK TABLES;

--
-- Dumping data for table `repos`
--

LOCK TABLES `repos` WRITE;
/*!40000 ALTER TABLE `repos` DISABLE KEYS */;
INSERT INTO `repos` VALUES ('0139df9b-e6d0-4de7-8d2c-36e21823bf38','csn-apigatewaychohethongbanking-nhom3ae-nodejs','https://github.com/organization-codeflow/csn-apigatewaychohethongbanking-nhom3ae-nodejs','course02-0000-1111-2222-333333333333','topic04-0000-1111-2222-333333333333','61c536d1-9b61-4291-a042-28b7aefe07cb','Javascript/Typescript','Nodejs','csn-apigatewaychohethongbanking-nhom3ae-nodejs','2025-08-27 04:49:42','2025-08-27 04:49:42',NULL),('1839cdb4-678a-4a26-a37c-63a8f405c3ee','cn-duanchamdiemrenluyensinhvien-laogicungton-flask','https://github.com/organization-codeflow/cn-duanchamdiemrenluyensinhvien-laogicungton-flask','course01-0000-1111-2222-333333333333','88524fa4-46bc-4705-8a18-46d4a57f6e1f','9f13e977-a9f6-4b43-aa2b-1676ad6ab047','Python','Flask','cn-duanchamdiemrenluyensinhvien-laogicungton-flask','2025-08-28 23:08:54','2025-08-28 23:08:54',NULL),('3665e7b9-4b92-43f0-b1c7-adf92b5164eb','cn-duanchamdiemrenluyensinhvien-laogicungton-django','https://github.com/organization-codeflow/cn-duanchamdiemrenluyensinhvien-laogicungton-django','course01-0000-1111-2222-333333333333','88524fa4-46bc-4705-8a18-46d4a57f6e1f','9f13e977-a9f6-4b43-aa2b-1676ad6ab047','Python','Django','cn-duanchamdiemrenluyensinhvien-laogicungton-django','2025-08-28 04:57:18','2025-08-28 04:57:18',NULL),('42c93e13-a2b9-4270-801d-d254e88ff029','cn-platformhoctructuyen-nestjs','https://github.com/organization-codeflow/cn-platformhoctructuyen-nestjs','course01-0000-1111-2222-333333333333','topic03-0000-1111-2222-333333333333','9f13e977-a9f6-4b43-aa2b-1676ad6ab047','Javascript/Typescript','Nestjs','cn-platformhoctructuyen-nestjs','2025-08-29 03:45:54','2025-08-29 03:45:54',NULL),('60b6c940-a0d1-4521-82ef-7ad0ca6ff91b','cn-webbandongho-nhom1-express','https://github.com/organization-codeflow/cn-webbandongho-nhom1-express','course01-0000-1111-2222-333333333333','topic01-0000-1111-2222-333333333333','ff25f381-32db-431b-bfa9-c3b8e242003d','Javascript/Typescript','Express','cn-webbandongho-nhom1-express','2025-08-27 03:22:36','2025-08-27 03:22:36',NULL),('664af26f-effc-423a-b599-c597d890b3ac','csn-apigatewaychohethongbanking-nhom3ae-nextjs','https://github.com/organization-codeflow/csn-apigatewaychohethongbanking-nhom3ae-nextjs','course02-0000-1111-2222-333333333333','topic04-0000-1111-2222-333333333333','61c536d1-9b61-4291-a042-28b7aefe07cb','Javascript/Typescript','Nextjs','csn-apigatewaychohethongbanking-nhom3ae-nextjs','2025-08-27 04:30:41','2025-08-27 04:30:41',NULL),('6f07b56a-9253-4505-a83f-91d7d070344c','csn-apigatewaychohethongbanking-nhom3ae-react','https://github.com/organization-codeflow/csn-apigatewaychohethongbanking-nhom3ae-react','course02-0000-1111-2222-333333333333','topic04-0000-1111-2222-333333333333','61c536d1-9b61-4291-a042-28b7aefe07cb','Javascript/Typescript','React','csn-apigatewaychohethongbanking-nhom3ae-react','2025-08-27 03:54:44','2025-08-27 03:54:44',NULL),('c5f13111-e689-4afa-bb41-7033e158ed67','cn-webbandongho-nhom1-express-ts','https://github.com/organization-codeflow/cn-webbandongho-nhom1-express-ts','course01-0000-1111-2222-333333333333','topic01-0000-1111-2222-333333333333','ff25f381-32db-431b-bfa9-c3b8e242003d','Javascript/Typescript','Express','cn-webbandongho-nhom1-express-ts','2025-08-27 03:37:03','2025-08-27 03:37:03',NULL),('d0cbf74c-fcac-4725-8456-b680c2f6be42','cn-platformhoctructuyen-laravel','https://github.com/organization-codeflow/cn-platformhoctructuyen-laravel','course01-0000-1111-2222-333333333333','topic03-0000-1111-2222-333333333333','9f13e977-a9f6-4b43-aa2b-1676ad6ab047','PHP','Laravel','cn-platformhoctructuyen-laravel','2025-08-29 03:39:58','2025-08-29 03:39:58',NULL),('e77fc472-89d2-4fe5-be61-c67056d44a93','cn-duanchamdiemrenluyensinhvien-laogicungton-spring-boot','https://github.com/organization-codeflow/cn-duanchamdiemrenluyensinhvien-laogicungton-spring-boot','course01-0000-1111-2222-333333333333','88524fa4-46bc-4705-8a18-46d4a57f6e1f','9f13e977-a9f6-4b43-aa2b-1676ad6ab047','Java','Spring Boot','cn-duanchamdiemrenluyensinhvien-laogicungton-spring-boot','2025-08-29 01:13:06','2025-08-29 01:13:06',NULL),('ec32179c-b54e-4d45-ac56-54c63038f258','cn-webbandongho-nhom1-html','https://github.com/organization-codeflow/cn-webbandongho-nhom1-html','course01-0000-1111-2222-333333333333','topic01-0000-1111-2222-333333333333','ff25f381-32db-431b-bfa9-c3b8e242003d','Static','HTML','cn-webbandongho-nhom1-html','2025-08-27 01:08:17','2025-08-27 01:08:17',NULL);
/*!40000 ALTER TABLE `repos` ENABLE KEYS */;
UNLOCK TABLES;

--
-- Dumping data for table `reviews_ai`
--

LOCK TABLES `reviews_ai` WRITE;
/*!40000 ALTER TABLE `reviews_ai` DISABLE KEYS */;
INSERT INTO `reviews_ai` VALUES ('f45ffa92-67cb-49aa-9a5c-868b4a35bdaa','0d8860a7-4d96-4966-b752-2c75e45570cb','ff25f381-32db-431b-bfa9-c3b8e242003d','Sửa lỗi cú pháp trong thuộc tính box-shadow',5,'\"[{\\\"file\\\":\\\"style.css\\\",\\\"line\\\":24,\\\"comment\\\":\\\"[? AI Review] (Mức độ: Lỗi) Dòng mã bị cắt giữa chừng. Thuộc tính \\\\\\\"box-shadow\\\\\\\" chưa được hoàn thiện.  Vui lòng hoàn thành giá trị rgba.\\\"}]\"','2025-08-27 01:47:03','2025-08-27 01:47:03',NULL);
/*!40000 ALTER TABLE `reviews_ai` ENABLE KEYS */;
UNLOCK TABLES;

--
-- Dumping data for table `system_settings`
--

LOCK TABLES `system_settings` WRITE;
/*!40000 ALTER TABLE `system_settings` DISABLE KEYS */;
/*!40000 ALTER TABLE `system_settings` ENABLE KEYS */;
UNLOCK TABLES;

--
-- Dumping data for table `tags`
--

LOCK TABLES `tags` WRITE;
/*!40000 ALTER TABLE `tags` DISABLE KEYS */;
INSERT INTO `tags` VALUES ('tag-api1-0000-1111-222222222222','REST API','Thiết kế và xây dựng API cho ứng dụng web và mobile','2025-08-26 01:56:25','2025-08-26 01:56:25',NULL),('tag-cshp-0000-1111-222222222222','C#','Ngôn ngữ C# và .NET Framework cho phát triển ứng dụng','2025-08-26 01:56:25','2025-08-26 01:56:25',NULL),('tag-db01-0000-1111-222222222222','Database','Cơ sở dữ liệu và các công nghệ liên quan','2025-08-26 01:56:25','2025-08-26 01:56:25',NULL),('tag-devp-0000-1111-222222222222','DevOps','Tích hợp CI/CD, quản lý hạ tầng và tự động hóa triển khai','2025-08-26 01:56:25','2025-08-26 01:56:25',NULL),('tag-dock-0000-1111-222222222222','Docker','Nền tảng container hóa ứng dụng và quản lý môi trường','2025-08-26 01:56:25','2025-08-26 01:56:25',NULL),('tag-figm-0000-1111-222222222222','Figma','Công cụ thiết kế UI/UX phổ biến cho phát triển sản phẩm','2025-08-26 01:56:25','2025-08-26 01:56:25',NULL),('tag-git1-0000-1111-222222222222','Git & GitHub','Quản lý mã nguồn và cộng tác phát triển phần mềm','2025-08-26 01:56:25','2025-08-26 01:56:25',NULL),('tag-java-0000-1111-222222222222','Java','Ngôn ngữ lập trình Java cho ứng dụng doanh nghiệp và Android','2025-08-26 01:56:25','2025-08-26 01:56:25',NULL),('tag-js01-0000-1111-222222222222','JavaScript','Ngôn ngữ lập trình JavaScript và các framework liên quan','2025-08-26 01:56:25','2025-08-26 01:56:25',NULL),('tag-kube-0000-1111-222222222222','Kubernetes','Hệ thống điều phối container, triển khai và quản lý dịch vụ','2025-08-26 01:56:25','2025-08-26 01:56:25',NULL),('tag-ml01-0000-1111-222222222222','Machine Learning','Học máy và trí tuệ nhân tạo','2025-08-26 01:56:25','2025-08-26 01:56:25',NULL),('tag-node-0000-1111-222222222222','Node.js','Môi trường runtime JavaScript cho backend','2025-08-26 01:56:25','2025-08-26 01:56:25',NULL),('tag-php1-0000-1111-222222222222','PHP','Ngôn ngữ lập trình PHP cho phát triển website và backend','2025-08-26 01:56:25','2025-08-26 01:56:25',NULL),('tag-pyth-0000-1111-222222222222','Python','Ngôn ngữ lập trình Python và các thư viện phổ biến','2025-08-26 01:56:25','2025-08-26 01:56:25',NULL),('tag-reac-0000-1111-222222222222','React','Thư viện React.js cho phát triển giao diện người dùng','2025-08-26 01:56:25','2025-08-26 01:56:25',NULL),('tag-web1-0000-1111-222222222222','Web Development','Phát triển ứng dụng web full-stack','2025-08-26 01:56:25','2025-08-26 01:56:25',NULL);
/*!40000 ALTER TABLE `tags` ENABLE KEYS */;
UNLOCK TABLES;

--
-- Dumping data for table `topic_evaluations`
--

LOCK TABLES `topic_evaluations` WRITE;
/*!40000 ALTER TABLE `topic_evaluations` DISABLE KEYS */;
/*!40000 ALTER TABLE `topic_evaluations` ENABLE KEYS */;
UNLOCK TABLES;

--
-- Dumping data for table `topic_members`
--

LOCK TABLES `topic_members` WRITE;
/*!40000 ALTER TABLE `topic_members` DISABLE KEYS */;
INSERT INTO `topic_members` VALUES ('17820b05-1611-4b02-b5ab-d7d593724f35','88524fa4-46bc-4705-8a18-46d4a57f6e1f','ff25f381-32db-431b-bfa9-c3b8e242003d','member','2025-08-28 05:19:06','2025-08-28 05:19:06','2025-08-28 05:19:46'),('198b3857-034d-4206-91e5-6d0f43de5b83','88524fa4-46bc-4705-8a18-46d4a57f6e1f','9f13e977-a9f6-4b43-aa2b-1676ad6ab047','leader','2025-08-28 05:19:46','2025-08-28 05:19:46',NULL),('21074234-e7b3-4cc4-ba6a-a83a883be453','topic03-0000-1111-2222-333333333333','61c536d1-9b61-4291-a042-28b7aefe07cb','leader','2025-08-28 04:45:25','2025-08-28 04:45:25','2025-08-29 01:26:06'),('23f1ed4c-0152-4f09-b916-cadbc1c35c76','topic03-0000-1111-2222-333333333333','ff25f381-32db-431b-bfa9-c3b8e242003d','member','2025-08-28 04:45:25','2025-08-28 04:45:25','2025-08-29 01:26:06'),('29e9ae7c-ba36-4e7d-ac93-6dfded1cd672','topic03-0000-1111-2222-333333333333','9f13e977-a9f6-4b43-aa2b-1676ad6ab047','member','2025-08-29 01:26:06','2025-08-29 01:26:06',NULL),('41916568-d5d4-4a17-9cf2-b6783cd08e87','88524fa4-46bc-4705-8a18-46d4a57f6e1f','9f13e977-a9f6-4b43-aa2b-1676ad6ab047','leader','2025-08-28 05:19:06','2025-08-28 05:19:06','2025-08-28 05:19:46'),('429e8078-ca7c-4db0-86c0-56e20f5f8275','topic01-0000-1111-2222-333333333333','ff25f381-32db-431b-bfa9-c3b8e242003d','member','2025-08-28 02:02:47','2025-08-28 02:02:47','2025-08-28 04:54:07'),('5728759d-e98c-405f-9efd-29c16a1af957','topic03-0000-1111-2222-333333333333','ff25f381-32db-431b-bfa9-c3b8e242003d','member','2025-08-29 01:26:06','2025-08-29 01:26:06',NULL),('66492fa1-98db-4eff-bcca-b525287915f4','topic04-0000-1111-2222-333333333333','61c536d1-9b61-4291-a042-28b7aefe07cb','member','2025-08-27 03:53:55','2025-08-27 03:53:55',NULL),('7c17d4e4-5468-4bc2-a390-084b281f8021','topic01-0000-1111-2222-333333333333','ff25f381-32db-431b-bfa9-c3b8e242003d','member','2025-08-28 04:54:07','2025-08-28 04:54:07',NULL),('82885437-e6cf-446c-a359-749dc4938e0f','88524fa4-46bc-4705-8a18-46d4a57f6e1f','61c536d1-9b61-4291-a042-28b7aefe07cb','member','2025-08-28 05:19:46','2025-08-28 05:19:46',NULL),('8a6021ca-5ed8-4100-b7c7-cb6582fd7d9e','topic01-0000-1111-2222-333333333333','ff25f381-32db-431b-bfa9-c3b8e242003d','leader','2025-08-26 23:50:57','2025-08-26 23:50:57','2025-08-26 23:56:35'),('aafd71cd-135d-47af-84e9-f57328ac3fbe','topic04-0000-1111-2222-333333333333','61c536d1-9b61-4291-a042-28b7aefe07cb','leader','2025-08-27 03:52:02','2025-08-27 03:52:02','2025-08-27 03:53:55'),('bd90941c-5373-48b1-b688-bc3bbdc9d9cf','topic01-0000-1111-2222-333333333333','ff25f381-32db-431b-bfa9-c3b8e242003d','member','2025-08-26 23:56:35','2025-08-26 23:56:35','2025-08-28 02:02:47'),('c806b940-e3fa-40f2-9132-96ceb85801e9','topic03-0000-1111-2222-333333333333','61c536d1-9b61-4291-a042-28b7aefe07cb','leader','2025-08-29 01:26:06','2025-08-29 01:26:06',NULL),('c8bf4821-d5c8-4cd1-833a-a7254047c201','88524fa4-46bc-4705-8a18-46d4a57f6e1f','61c536d1-9b61-4291-a042-28b7aefe07cb','member','2025-08-28 05:19:06','2025-08-28 05:19:06','2025-08-28 05:19:46'),('f2a7fb8f-faf0-4940-b2df-fa1cc56dc874','topic03-0000-1111-2222-333333333333','61c536d1-9b61-4291-a042-28b7aefe07cb','leader','2025-08-28 04:44:13','2025-08-28 04:44:13','2025-08-28 04:45:25'),('f9b28287-f027-4af9-ae94-b6ce70c67e8d','88524fa4-46bc-4705-8a18-46d4a57f6e1f','9f13e977-a9f6-4b43-aa2b-1676ad6ab047','leader','2025-08-28 05:16:42','2025-08-28 05:16:42','2025-08-28 05:19:06');
/*!40000 ALTER TABLE `topic_members` ENABLE KEYS */;
UNLOCK TABLES;

--
-- Dumping data for table `topic_tags`
--

LOCK TABLES `topic_tags` WRITE;
/*!40000 ALTER TABLE `topic_tags` DISABLE KEYS */;
/*!40000 ALTER TABLE `topic_tags` ENABLE KEYS */;
UNLOCK TABLES;

--
-- Dumping data for table `topics`
--

LOCK TABLES `topics` WRITE;
/*!40000 ALTER TABLE `topics` DISABLE KEYS */;
INSERT INTO `topics` VALUES ('88524fa4-46bc-4705-8a18-46d4a57f6e1f','Dự án chấm điểm rèn luyện sinh viên ','Xây dựng dự án chấm điểm rèn luyện sinh viên','course01-0000-1111-2222-333333333333','9f13e977-a9f6-4b43-aa2b-1676ad6ab047',1,'approved','lào gì cũng tôn','2025-08-28 04:54:53','2025-08-28 05:19:46',NULL),('topic01-0000-1111-2222-333333333333','Web bán đồng hồ','Xây dựng website thương mại điện tử bán đồng hồ với React frontend và Node.js backend','course01-0000-1111-2222-333333333333','teach001-0000-1111-2222-333333333333',1,'approved','Nhóm 2','2025-08-26 02:13:34','2025-08-28 04:54:07',NULL),('topic03-0000-1111-2222-333333333333','Platform học trực tuyến','Tạo nền tảng học tập trực tuyến với video streaming và quiz tương tác','course01-0000-1111-2222-333333333333','teach001-0000-1111-2222-333333333333',0,'approved','','2025-08-26 02:13:34','2025-08-29 01:27:50',NULL),('topic04-0000-1111-2222-333333333333','API Gateway cho hệ thống Banking','Thiết kế API Gateway quản lý các microservices trong hệ thống ngân hàng','course02-0000-1111-2222-333333333333','teach001-0000-1111-2222-333333333333',1,'approved','Nhom 3 ae','2025-08-26 02:13:34','2025-08-27 03:53:55',NULL),('topic05-0000-1111-2222-333333333333','RESTful API cho ứng dụng Food Delivery','Xây dựng API backend cho ứng dụng giao đồ ăn với payment integration','course02-0000-1111-2222-333333333333','teach001-0000-1111-2222-333333333333',0,'pending',NULL,'2025-08-26 02:13:34','2025-08-26 02:13:34',NULL),('topic06-0000-1111-2222-333333333333','Microservices cho E-commerce','Phát triển kiến trúc microservices cho hệ thống thương mại điện tử lớn','course02-0000-1111-2222-333333333333','teach001-0000-1111-2222-333333333333',0,'pending',NULL,'2025-08-26 02:13:34','2025-08-26 02:13:34',NULL),('topic07-0000-1111-2222-333333333333','Chatbot thông minh với NLP','Xây dựng chatbot customer service sử dụng Natural Language Processing','course03-0000-1111-2222-333333333333','teach002-0000-1111-2222-333333333333',0,'pending',NULL,'2025-08-26 02:13:34','2025-08-26 02:13:34',NULL),('topic08-0000-1111-2222-333333333333','Hệ thống gợi ý sản phẩm','Phát triển recommendation system cho website bán hàng sử dụng ML','course03-0000-1111-2222-333333333333','teach002-0000-1111-2222-333333333333',0,'pending',NULL,'2025-08-26 02:13:34','2025-08-26 02:13:34',NULL),('topic09-0000-1111-2222-333333333333','Phân tích sentiment mạng xã hội','Ứng dụng AI để phân tích cảm xúc từ dữ liệu social media','course03-0000-1111-2222-333333333333','teach002-0000-1111-2222-333333333333',0,'pending',NULL,'2025-08-26 02:13:34','2025-08-26 02:13:34',NULL),('topic10-0000-1111-2222-333333333333','Hệ thống dịch thuật tự động','Xây dựng ứng dụng dịch thuật đa ngôn ngữ sử dụng Transformer','course04-0000-1111-2222-333333333333','teach002-0000-1111-2222-333333333333',0,'pending',NULL,'2025-08-26 02:13:34','2025-08-26 02:13:34',NULL),('topic11-0000-1111-2222-333333333333','Phân loại văn bản tin tức','Tạo model phân loại tin tức theo chủ đề sử dụng BERT','course04-0000-1111-2222-333333333333','teach002-0000-1111-2222-333333333333',0,'pending',NULL,'2025-08-26 02:13:34','2025-08-26 02:13:34',NULL),('topic12-0000-1111-2222-333333333333','Trích xuất thông tin từ CV','Phát triển hệ thống NER để trích xuất thông tin từ resume/CV','course04-0000-1111-2222-333333333333','teach002-0000-1111-2222-333333333333',0,'pending',NULL,'2025-08-26 02:13:34','2025-08-26 02:13:34',NULL),('topic13-0000-1111-2222-333333333333','Dự đoán giá bất động sản','Xây dựng model regression dự đoán giá nhà đất dựa trên các yếu tố','course05-0000-1111-2222-333333333333','teach003-0000-1111-2222-333333333333',0,'pending',NULL,'2025-08-26 02:13:34','2025-08-26 02:13:34',NULL),('topic14-0000-1111-2222-333333333333','Phát hiện gian lận thẻ tín dụng','Ứng dụng ML để detect fraud trong giao dịch thẻ tín dụng','course05-0000-1111-2222-333333333333','teach003-0000-1111-2222-333333333333',0,'pending',NULL,'2025-08-26 02:13:34','2025-08-26 02:13:34',NULL),('topic15-0000-1111-2222-333333333333','Phân tích churn khách hàng','Dự đoán khách hàng có khả năng rời bỏ dịch vụ sử dụng classification','course05-0000-1111-2222-333333333333','teach003-0000-1111-2222-333333333333',0,'pending',NULL,'2025-08-26 02:13:34','2025-08-26 02:13:34',NULL),('topic16-0000-1111-2222-333333333333','Nhận diện khuôn mặt với CNN','Xây dựng hệ thống face recognition sử dụng Convolutional Neural Network','course06-0000-1111-2222-333333333333','teach003-0000-1111-2222-333333333333',0,'pending',NULL,'2025-08-26 02:13:34','2025-08-26 02:13:34',NULL),('topic17-0000-1111-2222-333333333333','Sinh văn bản với LSTM','Tạo model sinh văn bản tự động sử dụng Recurrent Neural Network','course06-0000-1111-2222-333333333333','teach003-0000-1111-2222-333333333333',0,'pending',NULL,'2025-08-26 02:13:34','2025-08-26 02:13:34',NULL),('topic19-0000-1111-2222-333333333333','Dashboard báo cáo doanh thu','Tạo interactive dashboard phân tích doanh thu bán hàng với Plotly','course07-0000-1111-2222-333333333333','teach004-0000-1111-2222-333333333333',0,'pending',NULL,'2025-08-26 02:13:34','2025-08-26 02:13:34',NULL),('topic20-0000-1111-2222-333333333333','Phân tích hành vi khách hàng','Nghiên cứu customer behavior từ dữ liệu web analytics','course07-0000-1111-2222-333333333333','teach004-0000-1111-2222-333333333333',0,'pending',NULL,'2025-08-26 02:13:34','2025-08-26 02:13:34',NULL),('topic21-0000-1111-2222-333333333333','Dự báo xu hướng thị trường','Ứng dụng time series analysis để dự đoán trends thị trường chứng khoán','course07-0000-1111-2222-333333333333','teach004-0000-1111-2222-333333333333',0,'pending',NULL,'2025-08-26 02:13:34','2025-08-26 02:13:34',NULL),('topic22-0000-1111-2222-333333333333','Phân tích dữ liệu lớn với Spark','Xử lý và phân tích big data từ social media sử dụng Apache Spark','course08-0000-1111-2222-333333333333','teach004-0000-1111-2222-333333333333',0,'pending',NULL,'2025-08-26 02:13:34','2025-08-26 02:13:34',NULL),('topic23-0000-1111-2222-333333333333','Data Mining cho Retail','Khai phá dữ liệu bán lẻ để tìm market basket patterns','course08-0000-1111-2222-333333333333','teach004-0000-1111-2222-333333333333',0,'pending',NULL,'2025-08-26 02:13:34','2025-08-26 02:13:34',NULL),('topic24-0000-1111-2222-333333333333','Streaming Analytics với Kafka','Xây dựng real-time analytics pipeline sử dụng Apache Kafka','course08-0000-1111-2222-333333333333','teach004-0000-1111-2222-333333333333',0,'pending',NULL,'2025-08-26 02:13:34','2025-08-26 02:13:34',NULL),('topic25-0000-1111-2222-333333333333','Triển khai web app lên AWS','Deploy scalable web application sử dụng EC2, RDS và CloudFront','course09-0000-1111-2222-333333333333','teach005-0000-1111-2222-333333333333',0,'pending',NULL,'2025-08-26 02:13:34','2025-08-26 02:13:34',NULL),('topic26-0000-1111-2222-333333333333','Serverless API với Lambda','Xây dựng REST API serverless sử dụng AWS Lambda và API Gateway','course09-0000-1111-2222-333333333333','teach005-0000-1111-2222-333333333333',0,'pending',NULL,'2025-08-26 02:13:34','2025-08-26 02:13:34',NULL),('topic27-0000-1111-2222-333333333333','Data Lake trên AWS','Thiết kế và triển khai data lake architecture với S3 và Glue','course09-0000-1111-2222-333333333333','teach005-0000-1111-2222-333333333333',0,'pending',NULL,'2025-08-26 02:13:34','2025-08-26 02:13:34',NULL),('topic28-0000-1111-2222-333333333333','CI/CD Pipeline với Jenkins','Xây dựng automated deployment pipeline cho ứng dụng web','course10-0000-1111-2222-333333333333','teach005-0000-1111-2222-333333333333',0,'pending',NULL,'2025-08-26 02:13:34','2025-08-26 02:13:34',NULL),('topic29-0000-1111-2222-333333333333','Containerization với Docker','Dockerize ứng dụng microservices và orchestration với Kubernetes','course10-0000-1111-2222-333333333333','teach005-0000-1111-2222-333333333333',0,'pending',NULL,'2025-08-26 02:13:34','2025-08-26 02:13:34',NULL),('topic30-0000-1111-2222-333333333333','Infrastructure as Code','Quản lý hạ tầng AWS sử dụng Terraform và CloudFormation','course10-0000-1111-2222-333333333333','teach005-0000-1111-2222-333333333333',0,'pending',NULL,'2025-08-26 02:13:34','2025-08-26 02:13:34',NULL),('topic31-0000-1111-2222-333333333333','Smart Home System','Xây dựng hệ thống nhà thông minh với Arduino và cảm biến','course11-0000-1111-2222-333333333333','teach006-0000-1111-2222-333333333333',0,'pending',NULL,'2025-08-26 02:13:34','2025-08-26 02:13:34',NULL),('topic32-0000-1111-2222-333333333333','Hệ thống giám sát môi trường','Phát triển IoT solution monitoring chất lượng không khí','course11-0000-1111-2222-333333333333','teach006-0000-1111-2222-333333333333',0,'pending',NULL,'2025-08-26 02:13:34','2025-08-26 02:13:34',NULL),('topic33-0000-1111-2222-333333333333','IoT Agriculture Monitoring','Ứng dụng IoT trong nông nghiệp thông minh với Raspberry Pi','course11-0000-1111-2222-333333333333','teach006-0000-1111-2222-333333333333',0,'pending',NULL,'2025-08-26 02:13:34','2025-08-26 02:13:34',NULL),('topic34-0000-1111-2222-333333333333','Industrial 4.0 Monitoring','Hệ thống giám sát máy móc công nghiệp sử dụng IoT sensors','course12-0000-1111-2222-333333333333','teach006-0000-1111-2222-333333333333',0,'pending',NULL,'2025-08-26 02:13:34','2025-08-26 02:13:34',NULL),('topic35-0000-1111-2222-333333333333','Smart Factory Dashboard','Tạo real-time dashboard cho smart factory với MQTT','course12-0000-1111-2222-333333333333','teach006-0000-1111-2222-333333333333',0,'pending',NULL,'2025-08-26 02:13:34','2025-08-26 02:13:34',NULL),('topic36-0000-1111-2222-333333333333','Predictive Maintenance IoT','Ứng dụng ML trong bảo trì dự đoán thiết bị công nghiệp','course12-0000-1111-2222-333333333333','teach006-0000-1111-2222-333333333333',0,'pending',NULL,'2025-08-26 02:13:34','2025-08-26 02:13:34',NULL),('topic37-0000-1111-2222-333333333333','DeFi Lending Platform','Xây dựng nền tảng cho vay phi tập trung trên Ethereum','course13-0000-1111-2222-333333333333','teach007-0000-1111-2222-333333333333',0,'pending',NULL,'2025-08-26 02:13:34','2025-08-26 02:13:34',NULL),('topic38-0000-1111-2222-333333333333','NFT Marketplace','Phát triển marketplace giao dịch NFT với smart contracts','course13-0000-1111-2222-333333333333','teach007-0000-1111-2222-333333333333',0,'pending',NULL,'2025-08-26 02:13:34','2025-08-26 02:13:34',NULL),('topic39-0000-1111-2222-333333333333','Supply Chain Blockchain','Ứng dụng blockchain trong quản lý chuỗi cung ứng','course13-0000-1111-2222-333333333333','teach007-0000-1111-2222-333333333333',0,'pending',NULL,'2025-08-26 02:13:34','2025-08-26 02:13:34',NULL),('topic40-0000-1111-2222-333333333333','Decentralized Social Network','Xây dựng mạng xã hội phi tập trung trên blockchain','course14-0000-1111-2222-333333333333','teach007-0000-1111-2222-333333333333',0,'pending',NULL,'2025-08-26 02:13:34','2025-08-26 02:13:34',NULL),('topic41-0000-1111-2222-333333333333','Web3 Gaming Platform','Phát triển game blockchain với play-to-earn mechanics','course14-0000-1111-2222-333333333333','teach007-0000-1111-2222-333333333333',0,'pending',NULL,'2025-08-26 02:13:34','2025-08-26 02:13:34',NULL),('topic42-0000-1111-2222-333333333333','DAO Governance System','Tạo hệ thống quản trị phi tập trung (DAO) với voting mechanism','course14-0000-1111-2222-333333333333','teach007-0000-1111-2222-333333333333',0,'pending',NULL,'2025-08-26 02:13:34','2025-08-26 02:13:34',NULL),('topic43-0000-1111-2222-333333333333','Penetration Testing Tool','Phát triển công cụ kiểm tra thâm nhập tự động','course15-0000-1111-2222-333333333333','teach008-0000-1111-2222-333333333333',0,'pending',NULL,'2025-08-26 02:13:34','2025-08-26 02:13:34',NULL),('topic44-0000-1111-2222-333333333333','Network Security Monitor','Xây dựng hệ thống giám sát bảo mật mạng real-time','course15-0000-1111-2222-333333333333','teach008-0000-1111-2222-333333333333',0,'pending',NULL,'2025-08-26 02:13:34','2025-08-26 02:13:34',NULL),('topic45-0000-1111-2222-333333333333','Vulnerability Scanner','Tạo tool scan lỗ hổng bảo mật cho web applications','course15-0000-1111-2222-333333333333','teach008-0000-1111-2222-333333333333',0,'pending',NULL,'2025-08-26 02:13:34','2025-08-26 02:13:34',NULL),('topic46-0000-1111-2222-333333333333','Encrypted Messaging App','Phát triển ứng dụng nhắn tin mã hóa end-to-end','course16-0000-1111-2222-333333333333','teach008-0000-1111-2222-333333333333',0,'pending',NULL,'2025-08-26 02:13:34','2025-08-26 02:13:34',NULL),('topic47-0000-1111-2222-333333333333','Digital Forensics Toolkit','Xây dựng bộ công cụ điều tra tội phạm mạng','course16-0000-1111-2222-333333333333','teach008-0000-1111-2222-333333333333',0,'pending',NULL,'2025-08-26 02:13:34','2025-08-26 02:13:34',NULL),('topic48-0000-1111-2222-333333333333','Blockchain Forensics','Phân tích và truy vết giao dịch cryptocurrency','course16-0000-1111-2222-333333333333','teach008-0000-1111-2222-333333333333',0,'pending',NULL,'2025-08-26 02:13:34','2025-08-26 02:13:34',NULL),('topic49-0000-1111-2222-333333333333','Autonomous Delivery Robot','Thiết kế robot giao hàng tự động với navigation system','course17-0000-1111-2222-333333333333','teach009-0000-1111-2222-333333333333',0,'pending',NULL,'2025-08-26 02:13:34','2025-08-26 02:13:34',NULL),('topic50-0000-1111-2222-333333333333','Robotic Arm Controller','Phát triển hệ thống điều khiển cánh tay robot công nghiệp','course17-0000-1111-2222-333333333333','teach009-0000-1111-2222-333333333333',0,'pending',NULL,'2025-08-26 02:13:34','2025-08-26 02:13:34',NULL),('topic51-0000-1111-2222-333333333333','Swarm Robotics System','Xây dựng hệ thống robot đàn với collective intelligence','course17-0000-1111-2222-333333333333','teach009-0000-1111-2222-333333333333',0,'pending',NULL,'2025-08-26 02:13:34','2025-08-26 02:13:34',NULL),('topic52-0000-1111-2222-333333333333','Object Detection Robot','Robot nhận diện và phân loại đối tượng sử dụng computer vision','course18-0000-1111-2222-333333333333','teach009-0000-1111-2222-333333333333',0,'pending',NULL,'2025-08-26 02:13:34','2025-08-26 02:13:34',NULL),('topic53-0000-1111-2222-333333333333','Visual SLAM System','Phát triển hệ thống định vị và mapping cho robot di động','course18-0000-1111-2222-333333333333','teach009-0000-1111-2222-333333333333',0,'pending',NULL,'2025-08-26 02:13:34','2025-08-26 02:13:34',NULL),('topic54-0000-1111-2222-333333333333','Gesture Recognition Robot','Robot tương tác con người thông qua nhận diện cử chỉ','course18-0000-1111-2222-333333333333','teach009-0000-1111-2222-333333333333',0,'pending',NULL,'2025-08-26 02:13:34','2025-08-26 02:13:34',NULL),('topic55-0000-1111-2222-333333333333','Customer Analytics Platform','Xây dựng nền tảng phân tích khách hàng cho doanh nghiệp','course19-0000-1111-2222-333333333333','teach010-0000-1111-2222-333333333333',0,'pending',NULL,'2025-08-26 02:13:34','2025-08-26 02:13:34',NULL),('topic56-0000-1111-2222-333333333333','Sales Forecasting System','Hệ thống dự báo doanh số bán hàng sử dụng data mining','course19-0000-1111-2222-333333333333','teach010-0000-1111-2222-333333333333',0,'pending',NULL,'2025-08-26 02:13:34','2025-08-26 02:13:34',NULL),('topic57-0000-1111-2222-333333333333','Business Intelligence Dashboard','Tạo executive dashboard cho báo cáo kinh doanh tổng hợp','course19-0000-1111-2222-333333333333','teach010-0000-1111-2222-333333333333',0,'pending',NULL,'2025-08-26 02:13:34','2025-08-26 02:13:34',NULL),('topic58-0000-1111-2222-333333333333','Stock Price Prediction','Dự đoán giá cổ phiếu sử dụng time series và deep learning','course20-0000-1111-2222-333333333333','teach010-0000-1111-2222-333333333333',0,'pending',NULL,'2025-08-26 02:13:34','2025-08-26 02:13:34',NULL),('topic59-0000-1111-2222-333333333333','Demand Forecasting System','Hệ thống dự báo nhu cầu cho supply chain management','course20-0000-1111-2222-333333333333','teach010-0000-1111-2222-333333333333',0,'pending',NULL,'2025-08-26 02:13:34','2025-08-26 02:13:34',NULL),('topic60-0000-1111-2222-333333333333','Weather Prediction Model','Xây dựng model dự báo thời tiết sử dụng machine learning','course20-0000-1111-2222-333333333333','teach010-0000-1111-2222-333333333333',0,'pending',NULL,'2025-08-26 02:13:34','2025-08-26 02:13:34',NULL);
/*!40000 ALTER TABLE `topics` ENABLE KEYS */;
UNLOCK TABLES;

--
-- Dumping data for table `user_settings`
--

LOCK TABLES `user_settings` WRITE;
/*!40000 ALTER TABLE `user_settings` DISABLE KEYS */;
INSERT INTO `user_settings` VALUES ('52ee3310-4f5f-4e10-b40d-00c6f3b18dce','9f13e977-a9f6-4b43-aa2b-1676ad6ab047',1,1,1,1,1,1,'2025-08-28 04:56:06','2025-08-28 04:56:06',NULL),('845f1acf-4789-48c9-8f67-50ea0129428b','teach001-0000-1111-2222-333333333333',1,1,1,1,1,1,'2025-08-26 23:50:04','2025-08-26 23:50:04',NULL);
/*!40000 ALTER TABLE `user_settings` ENABLE KEYS */;
UNLOCK TABLES;

--
-- Dumping data for table `users`
--

LOCK TABLES `users` WRITE;
/*!40000 ALTER TABLE `users` DISABLE KEYS */;
INSERT INTO `users` VALUES ('35805d17-5608-477e-b976-6e69347a2faf','test@gmail.com','test',NULL,'test','$2b$10$M3A.SUMZmwOpWdfnJKFao.DXb2cMoJaoYeqVDqVIj0xGEPx/7kkTC','teacher','suspended',NULL,NULL,NULL,NULL,'2025-08-28 04:03:49','2025-08-28 04:03:49','2025-08-28 04:03:53'),('61c536d1-9b61-4291-a042-28b7aefe07cb','tanmai03102003@gmail.com','tanmai0310','9hWBE5eH3bfL6lUCtqLHELQWdIV2','Đinh Văn B',NULL,'user','active','https://avatars.githubusercontent.com/u/224441847?v=4',NULL,NULL,NULL,'2025-08-27 03:50:03','2025-08-28 04:43:24',NULL),('72ec6491-d1c3-4321-9013-f913330cc9c3','admin@gmail.com','admin',NULL,'Admin','$2b$10$tarFajaVlL76QEU6zHaxruOCJvWTNYVqK.oMzRgXJnZYfK9u1Q2T6','admin','active',NULL,'Admin',NULL,NULL,'2025-08-26 01:56:25','2025-08-26 01:56:25',NULL),('9f13e977-a9f6-4b43-aa2b-1676ad6ab047','tanmai833@gmail.com','tanmaiii','WOEpMXVyHYd2skiCQKYxyqhlYNA2','Đinh Tấn Mãi',NULL,'user','active','https://avatars.githubusercontent.com/u/90459047?v=4',NULL,NULL,NULL,'2025-08-28 01:07:20','2025-08-29 02:23:17',NULL),('ff25f381-32db-431b-bfa9-c3b8e242003d','dinhtanmaivn@gmail.com','dtanmai','X7hC3qJ2jpNma9WiEXCqPfuZcDt2','Ngô Văn Tài',NULL,'user','inactive','https://avatars.githubusercontent.com/u/160510597?v=4','',NULL,NULL,'2025-08-26 23:41:58','2025-08-29 01:27:02',NULL),('teach001-0000-1111-2222-333333333333','teacher1@gmail.com','teacher1',NULL,'Nguyễn Văn An','$2b$10$tarFajaVlL76QEU6zHaxruOCJvWTNYVqK.oMzRgXJnZYfK9u1Q2T6','teacher','active',NULL,'Giảng viên CNTT',NULL,NULL,'2025-08-26 01:56:25','2025-08-26 01:56:25',NULL),('teach002-0000-1111-2222-333333333333','teacher2@gmail.com','teacher2',NULL,'Trần Thị Bình','$2b$10$tarFajaVlL76QEU6zHaxruOCJvWTNYVqK.oMzRgXJnZYfK9u1Q2T6','teacher','active',NULL,'Giảng viên AI',NULL,NULL,'2025-08-26 01:56:25','2025-08-26 01:56:25',NULL),('teach003-0000-1111-2222-333333333333','teacher3@gmail.com','teacher3',NULL,'Lê Văn Cường','$2b$10$tarFajaVlL76QEU6zHaxruOCJvWTNYVqK.oMzRgXJnZYfK9u1Q2T6','teacher','active',NULL,'Giảng viên ML',NULL,NULL,'2025-08-26 01:56:25','2025-08-26 01:56:25',NULL),('teach004-0000-1111-2222-333333333333','teacher4@gmail.com','teacher4',NULL,'Phạm Thị Dung','$2b$10$tarFajaVlL76QEU6zHaxruOCJvWTNYVqK.oMzRgXJnZYfK9u1Q2T6','teacher','active',NULL,'Giảng viên Khoa học DL',NULL,NULL,'2025-08-26 01:56:25','2025-08-26 01:56:25',NULL),('teach005-0000-1111-2222-333333333333','teacher5@gmail.com','teacher5',NULL,'Hoàng Văn Đạt','$2b$10$tarFajaVlL76QEU6zHaxruOCJvWTNYVqK.oMzRgXJnZYfK9u1Q2T6','teacher','active',NULL,'Giảng viên Cloud',NULL,NULL,'2025-08-26 01:56:25','2025-08-26 01:56:25',NULL),('teach006-0000-1111-2222-333333333333','teacher6@gmail.com','teacher6',NULL,'Đỗ Thị Nhàn','$2b$10$tarFajaVlL76QEU6zHaxruOCJvWTNYVqK.oMzRgXJnZYfK9u1Q2T6','teacher','active',NULL,'Giảng viên IoT',NULL,NULL,'2025-08-26 01:56:25','2025-08-26 01:56:25',NULL),('teach007-0000-1111-2222-333333333333','teacher7@gmail.com','teacher7',NULL,'Vũ Văn Giang','$2b$10$tarFajaVlL76QEU6zHaxruOCJvWTNYVqK.oMzRgXJnZYfK9u1Q2T6','teacher','active',NULL,'Giảng viên Blockchain',NULL,NULL,'2025-08-26 01:56:25','2025-08-26 01:56:25',NULL),('teach008-0000-1111-2222-333333333333','teacher8@gmail.com','teacher8',NULL,'Ngô Thị Hà','$2b$10$tarFajaVlL76QEU6zHaxruOCJvWTNYVqK.oMzRgXJnZYfK9u1Q2T6','teacher','active',NULL,'Giảng viên Bảo mật',NULL,NULL,'2025-08-26 01:56:25','2025-08-26 01:56:25',NULL),('teach009-0000-1111-2222-333333333333','teacher9@gmail.com','teacher9',NULL,'Phan Văn Trung','$2b$10$tarFajaVlL76QEU6zHaxruOCJvWTNYVqK.oMzRgXJnZYfK9u1Q2T6','teacher','active',NULL,'Giảng viên Robotics',NULL,NULL,'2025-08-26 01:56:25','2025-08-26 01:56:25',NULL),('teach010-0000-1111-2222-333333333333','teacher10@gmail.com','teacher10',NULL,'Đinh Thị Hồng','$2b$10$tarFajaVlL76QEU6zHaxruOCJvWTNYVqK.oMzRgXJnZYfK9u1Q2T6','teacher','active',NULL,'Giảng viên Data Mining',NULL,NULL,'2025-08-26 01:56:25','2025-08-26 01:56:25',NULL);
/*!40000 ALTER TABLE `users` ENABLE KEYS */;
UNLOCK TABLES;
/*!40103 SET TIME_ZONE=@OLD_TIME_ZONE */;

/*!40101 SET SQL_MODE=@OLD_SQL_MODE */;
/*!40014 SET FOREIGN_KEY_CHECKS=@OLD_FOREIGN_KEY_CHECKS */;
/*!40014 SET UNIQUE_CHECKS=@OLD_UNIQUE_CHECKS */;
/*!40101 SET CHARACTER_SET_CLIENT=@OLD_CHARACTER_SET_CLIENT */;
/*!40101 SET CHARACTER_SET_RESULTS=@OLD_CHARACTER_SET_RESULTS */;
/*!40101 SET COLLATION_CONNECTION=@OLD_COLLATION_CONNECTION */;
/*!40111 SET SQL_NOTES=@OLD_SQL_NOTES */;

-- Dump completed on 2025-08-29  3:22:00
